vehicle_id,travel_sequences,trip_repetitions,total_distance_km,total_operation_time_s,terminal_time_s,stop_time_s,travel_time_s,trip_id
10114111_0,"[{'start_time': '00:00:00', 'end_time': '06:00:00', 'offset_from_start': 0, 'operating': False}, {'start_time': '06:00:00', 'end_time': '07:35:52', 'offset_from_start': 0, 'operating': True}, {'start_time': '07:35:52', 'end_time': '09:00:00', 'offset_from_start': 0, 'operating': True}, {'start_time': '09:00:00', 'end_time': '10:35:52', 'offset_from_start': 0, 'operating': True}, {'start_time': '10:35:52', 'end_time': '12:11:44', 'offset_from_start': 0, 'operating': True}, {'start_time': '12:11:44', 'end_time': '13:47:36', 'offset_from_start': 0, 'operating': True}, {'start_time': '13:47:36', 'end_time': '15:00:00', 'offset_from_start': 0, 'operating': True}, {'start_time': '15:00:00', 'end_time': '16:35:52', 'offset_from_start': 0, 'operating': True}, {'start_time': '16:35:52', 'end_time': '18:11:44', 'offset_from_start': 0, 'operating': True}, {'start_time': '18:11:44', 'end_time': '19:47:36', 'offset_from_start': 0, 'operating': True}, {'start_time': '19:47:36', 'end_time': '21:00:00', 'offset_from_start': 0, 'operating': True}, {'start_time': '21:00:00', 'end_time': '23:59:59', 'offset_from_start': 0, 'operating': False}]",9.388038942976356,306.3228965356533,54000.0,375.5215577190543,14833.10152990271,38791.376912378306,10114111
10114111_1,"[{'start_time': '00:00:00', 'end_time': '06:00:00', 'offset_from_start': 0, 'operating': False}, {'start_time': '06:00:00', 'end_time': '07:30:52', 'offset_from_start': 300, 'operating': True}, {'start_time': '07:30:52', 'end_time': '09:00:00', 'offset_from_start': 0, 'operating': True}, {'start_time': '09:00:00', 'end_time': '10:20:52', 'offset_from_start': 900, 'operating': True}, {'start_time': '10:20:52', 'end_time': '11:56:44', 'offset_from_start': 0, 'operating': True}, {'start_time': '11:56:44', 'end_time': '13:32:36', 'offset_from_start': 0, 'operating': True}, {'start_time': '13:32:36', 'end_time': '15:00:00', 'offset_from_start': 0, 'operating': True}, {'start_time': '15:00:00', 'end_time': '16:30:52', 'offset_from_start': 300, 'operating': True}, {'start_time': '16:30:52', 'end_time': '18:06:44', 'offset_from_start': 0, 'operating': True}, {'start_time': '18:06:44', 'end_time': '19:42:36', 'offset_from_start': 0, 'operating': True}, {'start_time': '19:42:36', 'end_time': '21:00:00', 'offset_from_start': 0, 'operating': True}, {'start_time': '21:00:00', 'end_time': '23:59:59', 'offset_from_start': 0, 'operating': False}]",9.388038942976355,306.3228965356533,54000.0,375.5215577190543,14833.101529902668,38791.37691237838,10114111
10114111_2,"[{'start_time': '00:00:00', 'end_time': '06:00:00', 'offset_from_start': 0, 'operating': False}, {'start_time': '06:00:00', 'end_time': '07:25:52', 'offset_from_start': 600, 'operating': True}, {'start_time': '07:25:52', 'end_time': '09:00:00', 'offset_from_start': 0, 'operating': True}, {'start_time': '09:00:00', 'end_time': '10:05:52', 'offset_from_start': 1800, 'operating': True}, {'start_time': '10:05:52', 'end_time': '11:41:44', 'offset_from_start': 0, 'operating': True}, {'start_time': '11:41:44', 'end_time': '13:17:36', 'offset_from_start': 0, 'operating': True}, {'start_time': '13:17:36', 'end_time': '14:53:28', 'offset_from_start': 0, 'operating': True}, {'start_time': '14:53:28', 'end_time': '15:00:00', 'offset_from_start': 0, 'operating': True}, {'start_time': '15:00:00', 'end_time': '16:25:52', 'offset_from_start': 600, 'operating': True}, {'start_time': '16:25:52', 'end_time': '18:01:44', 'offset_from_start': 0, 'operating': True}, {'start_time': '18:01:44', 'end_time': '19:37:36', 'offset_from_start': 0, 'operating': True}, {'start_time': '19:37:36', 'end_time': '21:00:00', 'offset_from_start': 0, 'operating': True}, {'start_time': '21:00:00', 'end_time': '23:59:59', 'offset_from_start': 0, 'operating': False}]",9.388038942976356,306.3228965356533,54000.0,375.5215577190543,14833.101529902637,38791.37691237832,10114111
10114111_3,"[{'start_time': '00:00:00', 'end_time': '06:00:00', 'offset_from_start': 0, 'operating': False}, {'start_time': '06:00:00', 'end_time': '07:20:52', 'offset_from_start': 900, 'operating': True}, {'start_time': '07:20:52', 'end_time': '08:56:44', 'offset_from_start': 0, 'operating': True}, {'start_time': '08:56:44', 'end_time': '09:00:00', 'offset_from_start': 0, 'operating': True}, {'start_time': '09:00:00', 'end_time': '09:50:52', 'offset_from_start': 2700, 'operating': True}, {'start_time': '09:50:52', 'end_time': '11:26:44', 'offset_from_start': 0, 'operating': True}, {'start_time': '11:26:44', 'end_time': '13:02:36', 'offset_from_start': 0, 'operating': True}, {'start_time': '13:02:36', 'end_time': '14:38:28', 'offset_from_start': 0, 'operating': True}, {'start_time': '14:38:28', 'end_time': '15:00:00', 'offset_from_start': 0, 'operating': True}, {'start_time': '15:00:00', 'end_time': '16:20:52', 'offset_from_start': 900, 'operating': True}, {'start_time': '16:20:52', 'end_time': '17:56:44', 'offset_from_start': 0, 'operating': True}, {'start_time': '17:56:44', 'end_time': '19:32:36', 'offset_from_start': 0, 'operating': True}, {'start_time': '19:32:36', 'end_time': '21:00:00', 'offset_from_start': 0, 'operating': True}, {'start_time': '21:00:00', 'end_time': '23:59:59', 'offset_from_start': 0, 'operating': False}]",9.388038942976355,306.3228965356533,54000.0,375.52155771905433,14833.101529902713,38791.37691237832,10114111
10114111_4,"[{'start_time': '00:00:00', 'end_time': '06:00:00', 'offset_from_start': 0, 'operating': False}, {'start_time': '06:00:00', 'end_time': '07:15:52', 'offset_from_start': 1200, 'operating': True}, {'start_time': '07:15:52', 'end_time': '08:51:44', 'offset_from_start': 0, 'operating': True}, {'start_time': '08:51:44', 'end_time': '09:00:00', 'offset_from_start': 0, 'operating': True}, {'start_time': '09:00:00', 'end_time': '09:35:52', 'offset_from_start': 3600, 'operating': True}, {'start_time': '09:35:52', 'end_time': '11:11:44', 'offset_from_start': 0, 'operating': True}, {'start_time': '11:11:44', 'end_time': '12:47:36', 'offset_from_start': 0, 'operating': True}, {'start_time': '12:47:36', 'end_time': '14:23:28', 'offset_from_start': 0, 'operating': True}, {'start_time': '14:23:28', 'end_time': '15:00:00', 'offset_from_start': 0, 'operating': True}, {'start_time': '15:00:00', 'end_time': '16:15:52', 'offset_from_start': 1200, 'operating': True}, {'start_time': '16:15:52', 'end_time': '17:51:44', 'offset_from_start': 0, 'operating': True}, {'start_time': '17:51:44', 'end_time': '19:27:36', 'offset_from_start': 0, 'operating': True}, {'start_time': '19:27:36', 'end_time': '21:00:00', 'offset_from_start': 0, 'operating': True}, {'start_time': '21:00:00', 'end_time': '23:59:59', 'offset_from_start': 0, 'operating': False}]",9.388038942976356,306.3228965356533,54000.0,375.52155771905416,14833.10152990268,38791.3769123783,10114111
10114111_5,"[{'start_time': '00:00:00', 'end_time': '06:00:00', 'offset_from_start': 0, 'operating': False}, {'start_time': '06:00:00', 'end_time': '07:10:52', 'offset_from_start': 1500, 'operating': True}, {'start_time': '07:10:52', 'end_time': '08:46:44', 'offset_from_start': 0, 'operating': True}, {'start_time': '08:46:44', 'end_time': '09:00:00', 'offset_from_start': 0, 'operating': True}, {'start_time': '09:00:00', 'end_time': '09:20:52', 'offset_from_start': 4500, 'operating': True}, {'start_time': '09:20:52', 'end_time': '10:56:44', 'offset_from_start': 0, 'operating': True}, {'start_time': '10:56:44', 'end_time': '12:32:36', 'offset_from_start': 0, 'operating': True}, {'start_time': '12:32:36', 'end_time': '14:08:28', 'offset_from_start': 0, 'operating': True}, {'start_time': '14:08:28', 'end_time': '15:00:00', 'offset_from_start': 0, 'operating': True}, {'start_time': '15:00:00', 'end_time': '16:10:52', 'offset_from_start': 1500, 'operating': True}, {'start_time': '16:10:52', 'end_time': '17:46:44', 'offset_from_start': 0, 'operating': True}, {'start_time': '17:46:44', 'end_time': '19:22:36', 'offset_from_start': 0, 'operating': True}, {'start_time': '19:22:36', 'end_time': '20:58:28', 'offset_from_start': 0, 'operating': True}, {'start_time': '20:58:28', 'end_time': '21:00:00', 'offset_from_start': 0, 'operating': True}, {'start_time': '21:00:00', 'end_time': '23:59:59', 'offset_from_start': 0, 'operating': False}]",9.388038942976356,306.32289653565323,54000.0,375.52155771905416,14833.101529902746,38791.376912378335,10114111
10114111_6,"[{'start_time': '00:00:00', 'end_time': '06:00:00', 'offset_from_start': 0, 'operating': False}, {'start_time': '06:00:00', 'end_time': '07:05:52', 'offset_from_start': 1800, 'operating': True}, {'start_time': '07:05:52', 'end_time': '08:41:44', 'offset_from_start': 0, 'operating': True}, {'start_time': '08:41:44', 'end_time': '09:00:00', 'offset_from_start': 0, 'operating': True}, {'start_time': '09:00:00', 'end_time': '15:00:00', 'offset_from_start': 0, 'operating': False}, {'start_time': '15:00:00', 'end_time': '16:05:52', 'offset_from_start': 1800, 'operating': True}, {'start_time': '16:05:52', 'end_time': '17:41:44', 'offset_from_start': 0, 'operating': True}, {'start_time': '17:41:44', 'end_time': '19:17:36', 'offset_from_start': 0, 'operating': True}, {'start_time': '19:17:36', 'end_time': '20:53:28', 'offset_from_start': 0, 'operating': True}, {'start_time': '20:53:28', 'end_time': '21:00:00', 'offset_from_start': 0, 'operating': True}, {'start_time': '21:00:00', 'end_time': '23:59:59', 'offset_from_start': 0, 'operating': False}]",5.632823365785814,183.79373792139194,32400.0,225.31293463143254,8899.860917941547,23274.826147426986,10114111
10114111_7,"[{'start_time': '00:00:00', 'end_time': '06:00:00', 'offset_from_start': 0, 'operating': False}, {'start_time': '06:00:00', 'end_time': '07:00:52', 'offset_from_start': 2100, 'operating': True}, {'start_time': '07:00:52', 'end_time': '08:36:44', 'offset_from_start': 0, 'operating': True}, {'start_time': '08:36:44', 'end_time': '09:00:00', 'offset_from_start': 0, 'operating': True}, {'start_time': '09:00:00', 'end_time': '15:00:00', 'offset_from_start': 0, 'operating': False}, {'start_time': '15:00:00', 'end_time': '16:00:52', 'offset_from_start': 2100, 'operating': True}, {'start_time': '16:00:52', 'end_time': '17:36:44', 'offset_from_start': 0, 'operating': True}, {'start_time': '17:36:44', 'end_time': '19:12:36', 'offset_from_start': 0, 'operating': True}, {'start_time': '19:12:36', 'end_time': '20:48:28', 'offset_from_start': 0, 'operating': True}, {'start_time': '20:48:28', 'end_time': '21:00:00', 'offset_from_start': 0, 'operating': True}, {'start_time': '21:00:00', 'end_time': '23:59:59', 'offset_from_start': 0, 'operating': False}]",5.632823365785813,183.79373792139197,32400.0,225.31293463143254,8899.860917941589,23274.826147426986,10114111
10114111_8,"[{'start_time': '00:00:00', 'end_time': '06:00:00', 'offset_from_start': 0, 'operating': False}, {'start_time': '06:00:00', 'end_time': '06:55:52', 'offset_from_start': 2400, 'operating': True}, {'start_time': '06:55:52', 'end_time': '08:31:44', 'offset_from_start': 0, 'operating': True}, {'start_time': '08:31:44', 'end_time': '09:00:00', 'offset_from_start': 0, 'operating': True}, {'start_time': '09:00:00', 'end_time': '15:00:00', 'offset_from_start': 0, 'operating': False}, {'start_time': '15:00:00', 'end_time': '15:55:52', 'offset_from_start': 2400, 'operating': True}, {'start_time': '15:55:52', 'end_time': '17:31:44', 'offset_from_start': 0, 'operating': True}, {'start_time': '17:31:44', 'end_time': '19:07:36', 'offset_from_start': 0, 'operating': True}, {'start_time': '19:07:36', 'end_time': '20:43:28', 'offset_from_start': 0, 'operating': True}, {'start_time': '20:43:28', 'end_time': '21:00:00', 'offset_from_start': 0, 'operating': True}, {'start_time': '21:00:00', 'end_time': '23:59:59', 'offset_from_start': 0, 'operating': False}]",5.632823365785813,183.793737921392,32400.0,225.31293463143257,8899.860917941518,23274.826147426997,10114111
10114111_9,"[{'start_time': '00:00:00', 'end_time': '06:00:00', 'offset_from_start': 0, 'operating': False}, {'start_time': '06:00:00', 'end_time': '06:50:52', 'offset_from_start': 2700, 'operating': True}, {'start_time': '06:50:52', 'end_time': '08:26:44', 'offset_from_start': 0, 'operating': True}, {'start_time': '08:26:44', 'end_time': '09:00:00', 'offset_from_start': 0, 'operating': True}, {'start_time': '09:00:00', 'end_time': '15:00:00', 'offset_from_start': 0, 'operating': False}, {'start_time': '15:00:00', 'end_time': '15:50:52', 'offset_from_start': 2700, 'operating': True}, {'start_time': '15:50:52', 'end_time': '17:26:44', 'offset_from_start': 0, 'operating': True}, {'start_time': '17:26:44', 'end_time': '19:02:36', 'offset_from_start': 0, 'operating': True}, {'start_time': '19:02:36', 'end_time': '20:38:28', 'offset_from_start': 0, 'operating': True}, {'start_time': '20:38:28', 'end_time': '21:00:00', 'offset_from_start': 0, 'operating': True}, {'start_time': '21:00:00', 'end_time': '23:59:59', 'offset_from_start': 0, 'operating': False}]",5.632823365785814,183.79373792139197,32400.0,225.3129346314326,8899.860917941596,23274.826147427,10114111
10114111_10,"[{'start_time': '00:00:00', 'end_time': '06:00:00', 'offset_from_start': 0, 'operating': False}, {'start_time': '06:00:00', 'end_time': '06:45:52', 'offset_from_start': 3000, 'operating': True}, {'start_time': '06:45:52', 'end_time': '08:21:44', 'offset_from_start': 0, 'operating': True}, {'start_time': '08:21:44', 'end_time': '09:00:00', 'offset_from_start': 0, 'operating': True}, {'start_time': '09:00:00', 'end_time': '15:00:00', 'offset_from_start': 0, 'operating': False}, {'start_time': '15:00:00', 'end_time': '15:45:52', 'offset_from_start': 3000, 'operating': True}, {'start_time': '15:45:52', 'end_time': '17:21:44', 'offset_from_start': 0, 'operating': True}, {'start_time': '17:21:44', 'end_time': '18:57:36', 'offset_from_start': 0, 'operating': True}, {'start_time': '18:57:36', 'end_time': '20:33:28', 'offset_from_start': 0, 'operating': True}, {'start_time': '20:33:28', 'end_time': '21:00:00', 'offset_from_start': 0, 'operating': True}, {'start_time': '21:00:00', 'end_time': '23:59:59', 'offset_from_start': 0, 'operating': False}]",5.632823365785813,183.79373792139197,32400.0,225.3129346314325,8899.860917941527,23274.826147426975,10114111
10114111_11,"[{'start_time': '00:00:00', 'end_time': '06:00:00', 'offset_from_start': 0, 'operating': False}, {'start_time': '06:00:00', 'end_time': '06:40:52', 'offset_from_start': 3300, 'operating': True}, {'start_time': '06:40:52', 'end_time': '08:16:44', 'offset_from_start': 0, 'operating': True}, {'start_time': '08:16:44', 'end_time': '09:00:00', 'offset_from_start': 0, 'operating': True}, {'start_time': '09:00:00', 'end_time': '15:00:00', 'offset_from_start': 0, 'operating': False}, {'start_time': '15:00:00', 'end_time': '15:40:52', 'offset_from_start': 3300, 'operating': True}, {'start_time': '15:40:52', 'end_time': '17:16:44', 'offset_from_start': 0, 'operating': True}, {'start_time': '17:16:44', 'end_time': '18:52:36', 'offset_from_start': 0, 'operating': True}, {'start_time': '18:52:36', 'end_time': '20:28:28', 'offset_from_start': 0, 'operating': True}, {'start_time': '20:28:28', 'end_time': '21:00:00', 'offset_from_start': 0, 'operating': True}, {'start_time': '21:00:00', 'end_time': '23:59:59', 'offset_from_start': 0, 'operating': False}]",5.632823365785813,183.79373792139194,32400.0,225.3129346314325,8899.860917941607,23274.826147426993,10114111
10114111_12,"[{'start_time': '00:00:00', 'end_time': '06:00:00', 'offset_from_start': 0, 'operating': False}, {'start_time': '06:00:00', 'end_time': '06:35:52', 'offset_from_start': 3600, 'operating': True}, {'start_time': '06:35:52', 'end_time': '08:11:44', 'offset_from_start': 0, 'operating': True}, {'start_time': '08:11:44', 'end_time': '09:00:00', 'offset_from_start': 0, 'operating': True}, {'start_time': '09:00:00', 'end_time': '15:00:00', 'offset_from_start': 0, 'operating': False}, {'start_time': '15:00:00', 'end_time': '15:35:52', 'offset_from_start': 3600, 'operating': True}, {'start_time': '15:35:52', 'end_time': '17:11:44', 'offset_from_start': 0, 'operating': True}, {'start_time': '17:11:44', 'end_time': '18:47:36', 'offset_from_start': 0, 'operating': True}, {'start_time': '18:47:36', 'end_time': '20:23:28', 'offset_from_start': 0, 'operating': True}, {'start_time': '20:23:28', 'end_time': '21:00:00', 'offset_from_start': 0, 'operating': True}, {'start_time': '21:00:00', 'end_time': '23:59:59', 'offset_from_start': 0, 'operating': False}]",5.632823365785813,183.79373792139194,32400.0,225.31293463143254,8899.860917941574,23274.82614742698,10114111
10114111_13,"[{'start_time': '00:00:00', 'end_time': '06:00:00', 'offset_from_start': 0, 'operating': False}, {'start_time': '06:00:00', 'end_time': '06:30:52', 'offset_from_start': 3900, 'operating': True}, {'start_time': '06:30:52', 'end_time': '08:06:44', 'offset_from_start': 0, 'operating': True}, {'start_time': '08:06:44', 'end_time': '09:00:00', 'offset_from_start': 0, 'operating': True}, {'start_time': '09:00:00', 'end_time': '15:00:00', 'offset_from_start': 0, 'operating': False}, {'start_time': '15:00:00', 'end_time': '15:30:52', 'offset_from_start': 3900, 'operating': True}, {'start_time': '15:30:52', 'end_time': '17:06:44', 'offset_from_start': 0, 'operating': True}, {'start_time': '17:06:44', 'end_time': '18:42:36', 'offset_from_start': 0, 'operating': True}, {'start_time': '18:42:36', 'end_time': '20:18:28', 'offset_from_start': 0, 'operating': True}, {'start_time': '20:18:28', 'end_time': '21:00:00', 'offset_from_start': 0, 'operating': True}, {'start_time': '21:00:00', 'end_time': '23:59:59', 'offset_from_start': 0, 'operating': False}]",5.632823365785814,183.79373792139197,32400.0,225.31293463143254,8899.860917941653,23274.82614742702,10114111
10114111_14,"[{'start_time': '00:00:00', 'end_time': '06:00:00', 'offset_from_start': 0, 'operating': False}, {'start_time': '06:00:00', 'end_time': '06:25:52', 'offset_from_start': 4200, 'operating': True}, {'start_time': '06:25:52', 'end_time': '08:01:44', 'offset_from_start': 0, 'operating': True}, {'start_time': '08:01:44', 'end_time': '09:00:00', 'offset_from_start': 0, 'operating': True}, {'start_time': '09:00:00', 'end_time': '15:00:00', 'offset_from_start': 0, 'operating': False}, {'start_time': '15:00:00', 'end_time': '15:25:52', 'offset_from_start': 4200, 'operating': True}, {'start_time': '15:25:52', 'end_time': '17:01:44', 'offset_from_start': 0, 'operating': True}, {'start_time': '17:01:44', 'end_time': '18:37:36', 'offset_from_start': 0, 'operating': True}, {'start_time': '18:37:36', 'end_time': '20:13:28', 'offset_from_start': 0, 'operating': True}, {'start_time': '20:13:28', 'end_time': '21:00:00', 'offset_from_start': 0, 'operating': True}, {'start_time': '21:00:00', 'end_time': '23:59:59', 'offset_from_start': 0, 'operating': False}]",5.632823365785814,183.79373792139197,32400.0,225.31293463143254,8899.860917941549,23274.82614742697,10114111
10114111_15,"[{'start_time': '00:00:00', 'end_time': '06:00:00', 'offset_from_start': 0, 'operating': False}, {'start_time': '06:00:00', 'end_time': '06:20:52', 'offset_from_start': 4500, 'operating': True}, {'start_time': '06:20:52', 'end_time': '07:56:44', 'offset_from_start': 0, 'operating': True}, {'start_time': '07:56:44', 'end_time': '09:00:00', 'offset_from_start': 0, 'operating': True}, {'start_time': '09:00:00', 'end_time': '15:00:00', 'offset_from_start': 0, 'operating': False}, {'start_time': '15:00:00', 'end_time': '15:20:52', 'offset_from_start': 4500, 'operating': True}, {'start_time': '15:20:52', 'end_time': '16:56:44', 'offset_from_start': 0, 'operating': True}, {'start_time': '16:56:44', 'end_time': '18:32:36', 'offset_from_start': 0, 'operating': True}, {'start_time': '18:32:36', 'end_time': '20:08:28', 'offset_from_start': 0, 'operating': True}, {'start_time': '20:08:28', 'end_time': '21:00:00', 'offset_from_start': 0, 'operating': True}, {'start_time': '21:00:00', 'end_time': '23:59:59', 'offset_from_start': 0, 'operating': False}]",5.632823365785813,183.79373792139197,32400.0,225.31293463143254,8899.860917941614,23274.82614742699,10114111
10114111_16,"[{'start_time': '00:00:00', 'end_time': '06:00:00', 'offset_from_start': 0, 'operating': False}, {'start_time': '06:00:00', 'end_time': '06:15:52', 'offset_from_start': 4800, 'operating': True}, {'start_time': '06:15:52', 'end_time': '07:51:44', 'offset_from_start': 0, 'operating': True}, {'start_time': '07:51:44', 'end_time': '09:00:00', 'offset_from_start': 0, 'operating': True}, {'start_time': '09:00:00', 'end_time': '15:00:00', 'offset_from_start': 0, 'operating': False}, {'start_time': '15:00:00', 'end_time': '15:15:52', 'offset_from_start': 4800, 'operating': True}, {'start_time': '15:15:52', 'end_time': '16:51:44', 'offset_from_start': 0, 'operating': True}, {'start_time': '16:51:44', 'end_time': '18:27:36', 'offset_from_start': 0, 'operating': True}, {'start_time': '18:27:36', 'end_time': '20:03:28', 'offset_from_start': 0, 'operating': True}, {'start_time': '20:03:28', 'end_time': '21:00:00', 'offset_from_start': 0, 'operating': True}, {'start_time': '21:00:00', 'end_time': '23:59:59', 'offset_from_start': 0, 'operating': False}]",5.632823365785813,183.79373792139194,32400.0,225.31293463143254,8899.860917941556,23274.826147426986,10114111
10114111_17,"[{'start_time': '00:00:00', 'end_time': '06:00:00', 'offset_from_start': 0, 'operating': False}, {'start_time': '06:00:00', 'end_time': '06:10:52', 'offset_from_start': 5100, 'operating': True}, {'start_time': '06:10:52', 'end_time': '07:46:44', 'offset_from_start': 0, 'operating': True}, {'start_time': '07:46:44', 'end_time': '09:00:00', 'offset_from_start': 0, 'operating': True}, {'start_time': '09:00:00', 'end_time': '15:00:00', 'offset_from_start': 0, 'operating': False}, {'start_time': '15:00:00', 'end_time': '15:10:52', 'offset_from_start': 5100, 'operating': True}, {'start_time': '15:10:52', 'end_time': '16:46:44', 'offset_from_start': 0, 'operating': True}, {'start_time': '16:46:44', 'end_time': '18:22:36', 'offset_from_start': 0, 'operating': True}, {'start_time': '18:22:36', 'end_time': '19:58:28', 'offset_from_start': 0, 'operating': True}, {'start_time': '19:58:28', 'end_time': '21:00:00', 'offset_from_start': 0, 'operating': True}, {'start_time': '21:00:00', 'end_time': '23:59:59', 'offset_from_start': 0, 'operating': False}]",5.632823365785814,183.79373792139194,32400.0,225.31293463143254,8899.860917941613,23274.826147426975,10114111
10114111_18,"[{'start_time': '00:00:00', 'end_time': '06:00:00', 'offset_from_start': 0, 'operating': False}, {'start_time': '06:00:00', 'end_time': '06:05:52', 'offset_from_start': 5400, 'operating': True}, {'start_time': '06:05:52', 'end_time': '07:41:44', 'offset_from_start': 0, 'operating': True}, {'start_time': '07:41:44', 'end_time': '09:00:00', 'offset_from_start': 0, 'operating': True}, {'start_time': '09:00:00', 'end_time': '15:00:00', 'offset_from_start': 0, 'operating': False}, {'start_time': '15:00:00', 'end_time': '15:05:52', 'offset_from_start': 5400, 'operating': True}, {'start_time': '15:05:52', 'end_time': '16:41:44', 'offset_from_start': 0, 'operating': True}, {'start_time': '16:41:44', 'end_time': '18:17:36', 'offset_from_start': 0, 'operating': True}, {'start_time': '18:17:36', 'end_time': '19:53:28', 'offset_from_start': 0, 'operating': True}, {'start_time': '19:53:28', 'end_time': '21:00:00', 'offset_from_start': 0, 'operating': True}, {'start_time': '21:00:00', 'end_time': '23:59:59', 'offset_from_start': 0, 'operating': False}]",5.632823365785813,183.79373792139197,32400.0,225.31293463143254,8899.860917941567,23274.82614742698,10114111
1107D111_0,"[{'start_time': '00:00:00', 'end_time': '06:00:00', 'offset_from_start': 0, 'operating': False}, {'start_time': '06:00:00', 'end_time': '07:01:17', 'offset_from_start': 0, 'operating': True}, {'start_time': '07:01:17', 'end_time': '08:02:34', 'offset_from_start': 0, 'operating': True}, {'start_time': '08:02:34', 'end_time': '09:00:00', 'offset_from_start': 0, 'operating': True}, {'start_time': '09:00:00', 'end_time': '10:01:17', 'offset_from_start': 0, 'operating': True}, {'start_time': '10:01:17', 'end_time': '11:02:34', 'offset_from_start': 0, 'operating': True}, {'start_time': '11:02:34', 'end_time': '12:03:51', 'offset_from_start': 0, 'operating': True}, {'start_time': '12:03:51', 'end_time': '13:05:08', 'offset_from_start': 0, 'operating': True}, {'start_time': '13:05:08', 'end_time': '14:06:25', 'offset_from_start': 0, 'operating': True}, {'start_time': '14:06:25', 'end_time': '15:00:00', 'offset_from_start': 0, 'operating': True}, {'start_time': '15:00:00', 'end_time': '16:01:17', 'offset_from_start': 0, 'operating': True}, {'start_time': '16:01:17', 'end_time': '17:02:34', 'offset_from_start': 0, 'operating': True}, {'start_time': '17:02:34', 'end_time': '18:03:51', 'offset_from_start': 0, 'operating': True}, {'start_time': '18:03:51', 'end_time': '19:05:08', 'offset_from_start': 0, 'operating': True}, {'start_time': '19:05:08', 'end_time': '20:06:25', 'offset_from_start': 0, 'operating': True}, {'start_time': '20:06:25', 'end_time': '21:00:00', 'offset_from_start': 0, 'operating': True}, {'start_time': '21:00:00', 'end_time': '23:59:59', 'offset_from_start': 0, 'operating': False}]",14.685885232526514,383.1265449708598,54000.0,587.4354093010606,8811.53113951591,44601.033451183015,1107D111
1107D111_1,"[{'start_time': '00:00:00', 'end_time': '06:00:00', 'offset_from_start': 0, 'operating': False}, {'start_time': '06:00:00', 'end_time': '06:56:17', 'offset_from_start': 300, 'operating': True}, {'start_time': '06:56:17', 'end_time': '07:57:34', 'offset_from_start': 0, 'operating': True}, {'start_time': '07:57:34', 'end_time': '08:58:51', 'offset_from_start': 0, 'operating': True}, {'start_time': '08:58:51', 'end_time': '09:00:00', 'offset_from_start': 0, 'operating': True}, {'start_time': '09:00:00', 'end_time': '09:46:17', 'offset_from_start': 900, 'operating': True}, {'start_time': '09:46:17', 'end_time': '10:47:34', 'offset_from_start': 0, 'operating': True}, {'start_time': '10:47:34', 'end_time': '11:48:51', 'offset_from_start': 0, 'operating': True}, {'start_time': '11:48:51', 'end_time': '12:50:08', 'offset_from_start': 0, 'operating': True}, {'start_time': '12:50:08', 'end_time': '13:51:25', 'offset_from_start': 0, 'operating': True}, {'start_time': '13:51:25', 'end_time': '14:52:42', 'offset_from_start': 0, 'operating': True}, {'start_time': '14:52:42', 'end_time': '15:00:00', 'offset_from_start': 0, 'operating': True}, {'start_time': '15:00:00', 'end_time': '15:56:17', 'offset_from_start': 300, 'operating': True}, {'start_time': '15:56:17', 'end_time': '16:57:34', 'offset_from_start': 0, 'operating': True}, {'start_time': '16:57:34', 'end_time': '17:58:51', 'offset_from_start': 0, 'operating': True}, {'start_time': '17:58:51', 'end_time': '19:00:08', 'offset_from_start': 0, 'operating': True}, {'start_time': '19:00:08', 'end_time': '20:01:25', 'offset_from_start': 0, 'operating': True}, {'start_time': '20:01:25', 'end_time': '21:00:00', 'offset_from_start': 0, 'operating': True}, {'start_time': '21:00:00', 'end_time': '23:59:59', 'offset_from_start': 0, 'operating': False}]",14.685885232526514,383.1265449708598,54000.0,587.4354093010606,8811.531139515952,44601.033451183044,1107D111
1107D111_2,"[{'start_time': '00:00:00', 'end_time': '06:00:00', 'offset_from_start': 0, 'operating': False}, {'start_time': '06:00:00', 'end_time': '06:51:17', 'offset_from_start': 600, 'operating': True}, {'start_time': '06:51:17', 'end_time': '07:52:34', 'offset_from_start': 0, 'operating': True}, {'start_time': '07:52:34', 'end_time': '08:53:51', 'offset_from_start': 0, 'operating': True}, {'start_time': '08:53:51', 'end_time': '09:00:00', 'offset_from_start': 0, 'operating': True}, {'start_time': '09:00:00', 'end_time': '09:31:17', 'offset_from_start': 1800, 'operating': True}, {'start_time': '09:31:17', 'end_time': '10:32:34', 'offset_from_start': 0, 'operating': True}, {'start_time': '10:32:34', 'end_time': '11:33:51', 'offset_from_start': 0, 'operating': True}, {'start_time': '11:33:51', 'end_time': '12:35:08', 'offset_from_start': 0, 'operating': True}, {'start_time': '12:35:08', 'end_time': '13:36:25', 'offset_from_start': 0, 'operating': True}, {'start_time': '13:36:25', 'end_time': '14:37:42', 'offset_from_start': 0, 'operating': True}, {'start_time': '14:37:42', 'end_time': '15:00:00', 'offset_from_start': 0, 'operating': True}, {'start_time': '15:00:00', 'end_time': '15:51:17', 'offset_from_start': 600, 'operating': True}, {'start_time': '15:51:17', 'end_time': '16:52:34', 'offset_from_start': 0, 'operating': True}, {'start_time': '16:52:34', 'end_time': '17:53:51', 'offset_from_start': 0, 'operating': True}, {'start_time': '17:53:51', 'end_time': '18:55:08', 'offset_from_start': 0, 'operating': True}, {'start_time': '18:55:08', 'end_time': '19:56:25', 'offset_from_start': 0, 'operating': True}, {'start_time': '19:56:25', 'end_time': '20:57:42', 'offset_from_start': 0, 'operating': True}, {'start_time': '20:57:42', 'end_time': '21:00:00', 'offset_from_start': 0, 'operating': True}, {'start_time': '21:00:00', 'end_time': '23:59:59', 'offset_from_start': 0, 'operating': False}]",14.685885232526516,383.1265449708598,54000.0,587.4354093010606,8811.531139515906,44601.03345118302,1107D111
1107D111_3,"[{'start_time': '00:00:00', 'end_time': '06:00:00', 'offset_from_start': 0, 'operating': False}, {'start_time': '06:00:00', 'end_time': '06:46:17', 'offset_from_start': 900, 'operating': True}, {'start_time': '06:46:17', 'end_time': '07:47:34', 'offset_from_start': 0, 'operating': True}, {'start_time': '07:47:34', 'end_time': '08:48:51', 'offset_from_start': 0, 'operating': True}, {'start_time': '08:48:51', 'end_time': '09:00:00', 'offset_from_start': 0, 'operating': True}, {'start_time': '09:00:00', 'end_time': '09:16:17', 'offset_from_start': 2700, 'operating': True}, {'start_time': '09:16:17', 'end_time': '10:17:34', 'offset_from_start': 0, 'operating': True}, {'start_time': '10:17:34', 'end_time': '11:18:51', 'offset_from_start': 0, 'operating': True}, {'start_time': '11:18:51', 'end_time': '12:20:08', 'offset_from_start': 0, 'operating': True}, {'start_time': '12:20:08', 'end_time': '13:21:25', 'offset_from_start': 0, 'operating': True}, {'start_time': '13:21:25', 'end_time': '14:22:42', 'offset_from_start': 0, 'operating': True}, {'start_time': '14:22:42', 'end_time': '15:00:00', 'offset_from_start': 0, 'operating': True}, {'start_time': '15:00:00', 'end_time': '15:46:17', 'offset_from_start': 900, 'operating': True}, {'start_time': '15:46:17', 'end_time': '16:47:34', 'offset_from_start': 0, 'operating': True}, {'start_time': '16:47:34', 'end_time': '17:48:51', 'offset_from_start': 0, 'operating': True}, {'start_time': '17:48:51', 'end_time': '18:50:08', 'offset_from_start': 0, 'operating': True}, {'start_time': '18:50:08', 'end_time': '19:51:25', 'offset_from_start': 0, 'operating': True}, {'start_time': '19:51:25', 'end_time': '20:52:42', 'offset_from_start': 0, 'operating': True}, {'start_time': '20:52:42', 'end_time': '21:00:00', 'offset_from_start': 0, 'operating': True}, {'start_time': '21:00:00', 'end_time': '23:59:59', 'offset_from_start': 0, 'operating': False}]",14.685885232526514,383.12654497085987,54000.0,587.4354093010608,8811.531139515915,44601.03345118302,1107D111
1107D111_4,"[{'start_time': '00:00:00', 'end_time': '06:00:00', 'offset_from_start': 0, 'operating': False}, {'start_time': '06:00:00', 'end_time': '06:41:17', 'offset_from_start': 1200, 'operating': True}, {'start_time': '06:41:17', 'end_time': '07:42:34', 'offset_from_start': 0, 'operating': True}, {'start_time': '07:42:34', 'end_time': '08:43:51', 'offset_from_start': 0, 'operating': True}, {'start_time': '08:43:51', 'end_time': '09:00:00', 'offset_from_start': 0, 'operating': True}, {'start_time': '09:00:00', 'end_time': '15:00:00', 'offset_from_start': 0, 'operating': False}, {'start_time': '15:00:00', 'end_time': '15:41:17', 'offset_from_start': 1200, 'operating': True}, {'start_time': '15:41:17', 'end_time': '16:42:34', 'offset_from_start': 0, 'operating': True}, {'start_time': '16:42:34', 'end_time': '17:43:51', 'offset_from_start': 0, 'operating': True}, {'start_time': '17:43:51', 'end_time': '18:45:08', 'offset_from_start': 0, 'operating': True}, {'start_time': '18:45:08', 'end_time': '19:46:25', 'offset_from_start': 0, 'operating': True}, {'start_time': '19:46:25', 'end_time': '20:47:42', 'offset_from_start': 0, 'operating': True}, {'start_time': '20:47:42', 'end_time': '21:00:00', 'offset_from_start': 0, 'operating': True}, {'start_time': '21:00:00', 'end_time': '23:59:59', 'offset_from_start': 0, 'operating': False}]",8.811531139515909,229.87592698251584,32400.0,352.46124558063633,5286.91868370955,26760.62007070982,1107D111
1107D111_5,"[{'start_time': '00:00:00', 'end_time': '06:00:00', 'offset_from_start': 0, 'operating': False}, {'start_time': '06:00:00', 'end_time': '06:36:17', 'offset_from_start': 1500, 'operating': True}, {'start_time': '06:36:17', 'end_time': '07:37:34', 'offset_from_start': 0, 'operating': True}, {'start_time': '07:37:34', 'end_time': '08:38:51', 'offset_from_start': 0, 'operating': True}, {'start_time': '08:38:51', 'end_time': '09:00:00', 'offset_from_start': 0, 'operating': True}, {'start_time': '09:00:00', 'end_time': '15:00:00', 'offset_from_start': 0, 'operating': False}, {'start_time': '15:00:00', 'end_time': '15:36:17', 'offset_from_start': 1500, 'operating': True}, {'start_time': '15:36:17', 'end_time': '16:37:34', 'offset_from_start': 0, 'operating': True}, {'start_time': '16:37:34', 'end_time': '17:38:51', 'offset_from_start': 0, 'operating': True}, {'start_time': '17:38:51', 'end_time': '18:40:08', 'offset_from_start': 0, 'operating': True}, {'start_time': '18:40:08', 'end_time': '19:41:25', 'offset_from_start': 0, 'operating': True}, {'start_time': '19:41:25', 'end_time': '20:42:42', 'offset_from_start': 0, 'operating': True}, {'start_time': '20:42:42', 'end_time': '21:00:00', 'offset_from_start': 0, 'operating': True}, {'start_time': '21:00:00', 'end_time': '23:59:59', 'offset_from_start': 0, 'operating': False}]",8.811531139515909,229.87592698251584,32400.0,352.46124558063644,5286.918683709546,26760.620070709814,1107D111
1107D111_6,"[{'start_time': '00:00:00', 'end_time': '06:00:00', 'offset_from_start': 0, 'operating': False}, {'start_time': '06:00:00', 'end_time': '06:31:17', 'offset_from_start': 1800, 'operating': True}, {'start_time': '06:31:17', 'end_time': '07:32:34', 'offset_from_start': 0, 'operating': True}, {'start_time': '07:32:34', 'end_time': '08:33:51', 'offset_from_start': 0, 'operating': True}, {'start_time': '08:33:51', 'end_time': '09:00:00', 'offset_from_start': 0, 'operating': True}, {'start_time': '09:00:00', 'end_time': '15:00:00', 'offset_from_start': 0, 'operating': False}, {'start_time': '15:00:00', 'end_time': '15:31:17', 'offset_from_start': 1800, 'operating': True}, {'start_time': '15:31:17', 'end_time': '16:32:34', 'offset_from_start': 0, 'operating': True}, {'start_time': '16:32:34', 'end_time': '17:33:51', 'offset_from_start': 0, 'operating': True}, {'start_time': '17:33:51', 'end_time': '18:35:08', 'offset_from_start': 0, 'operating': True}, {'start_time': '18:35:08', 'end_time': '19:36:25', 'offset_from_start': 0, 'operating': True}, {'start_time': '19:36:25', 'end_time': '20:37:42', 'offset_from_start': 0, 'operating': True}, {'start_time': '20:37:42', 'end_time': '21:00:00', 'offset_from_start': 0, 'operating': True}, {'start_time': '21:00:00', 'end_time': '23:59:59', 'offset_from_start': 0, 'operating': False}]",8.811531139515909,229.87592698251584,32400.0,352.4612455806364,5286.918683709542,26760.62007070981,1107D111
1107D111_7,"[{'start_time': '00:00:00', 'end_time': '06:00:00', 'offset_from_start': 0, 'operating': False}, {'start_time': '06:00:00', 'end_time': '06:26:17', 'offset_from_start': 2100, 'operating': True}, {'start_time': '06:26:17', 'end_time': '07:27:34', 'offset_from_start': 0, 'operating': True}, {'start_time': '07:27:34', 'end_time': '08:28:51', 'offset_from_start': 0, 'operating': True}, {'start_time': '08:28:51', 'end_time': '09:00:00', 'offset_from_start': 0, 'operating': True}, {'start_time': '09:00:00', 'end_time': '15:00:00', 'offset_from_start': 0, 'operating': False}, {'start_time': '15:00:00', 'end_time': '15:26:17', 'offset_from_start': 2100, 'operating': True}, {'start_time': '15:26:17', 'end_time': '16:27:34', 'offset_from_start': 0, 'operating': True}, {'start_time': '16:27:34', 'end_time': '17:28:51', 'offset_from_start': 0, 'operating': True}, {'start_time': '17:28:51', 'end_time': '18:30:08', 'offset_from_start': 0, 'operating': True}, {'start_time': '18:30:08', 'end_time': '19:31:25', 'offset_from_start': 0, 'operating': True}, {'start_time': '19:31:25', 'end_time': '20:32:42', 'offset_from_start': 0, 'operating': True}, {'start_time': '20:32:42', 'end_time': '21:00:00', 'offset_from_start': 0, 'operating': True}, {'start_time': '21:00:00', 'end_time': '23:59:59', 'offset_from_start': 0, 'operating': False}]",8.811531139515909,229.87592698251584,32400.0,352.4612455806364,5286.918683709536,26760.62007070982,1107D111
1107D111_8,"[{'start_time': '00:00:00', 'end_time': '06:00:00', 'offset_from_start': 0, 'operating': False}, {'start_time': '06:00:00', 'end_time': '06:21:17', 'offset_from_start': 2400, 'operating': True}, {'start_time': '06:21:17', 'end_time': '07:22:34', 'offset_from_start': 0, 'operating': True}, {'start_time': '07:22:34', 'end_time': '08:23:51', 'offset_from_start': 0, 'operating': True}, {'start_time': '08:23:51', 'end_time': '09:00:00', 'offset_from_start': 0, 'operating': True}, {'start_time': '09:00:00', 'end_time': '15:00:00', 'offset_from_start': 0, 'operating': False}, {'start_time': '15:00:00', 'end_time': '15:21:17', 'offset_from_start': 2400, 'operating': True}, {'start_time': '15:21:17', 'end_time': '16:22:34', 'offset_from_start': 0, 'operating': True}, {'start_time': '16:22:34', 'end_time': '17:23:51', 'offset_from_start': 0, 'operating': True}, {'start_time': '17:23:51', 'end_time': '18:25:08', 'offset_from_start': 0, 'operating': True}, {'start_time': '18:25:08', 'end_time': '19:26:25', 'offset_from_start': 0, 'operating': True}, {'start_time': '19:26:25', 'end_time': '20:27:42', 'offset_from_start': 0, 'operating': True}, {'start_time': '20:27:42', 'end_time': '21:00:00', 'offset_from_start': 0, 'operating': True}, {'start_time': '21:00:00', 'end_time': '23:59:59', 'offset_from_start': 0, 'operating': False}]",8.81153113951591,229.87592698251584,32400.0,352.4612455806364,5286.918683709558,26760.62007070983,1107D111
1107D111_9,"[{'start_time': '00:00:00', 'end_time': '06:00:00', 'offset_from_start': 0, 'operating': False}, {'start_time': '06:00:00', 'end_time': '06:16:17', 'offset_from_start': 2700, 'operating': True}, {'start_time': '06:16:17', 'end_time': '07:17:34', 'offset_from_start': 0, 'operating': True}, {'start_time': '07:17:34', 'end_time': '08:18:51', 'offset_from_start': 0, 'operating': True}, {'start_time': '08:18:51', 'end_time': '09:00:00', 'offset_from_start': 0, 'operating': True}, {'start_time': '09:00:00', 'end_time': '15:00:00', 'offset_from_start': 0, 'operating': False}, {'start_time': '15:00:00', 'end_time': '15:16:17', 'offset_from_start': 2700, 'operating': True}, {'start_time': '15:16:17', 'end_time': '16:17:34', 'offset_from_start': 0, 'operating': True}, {'start_time': '16:17:34', 'end_time': '17:18:51', 'offset_from_start': 0, 'operating': True}, {'start_time': '17:18:51', 'end_time': '18:20:08', 'offset_from_start': 0, 'operating': True}, {'start_time': '18:20:08', 'end_time': '19:21:25', 'offset_from_start': 0, 'operating': True}, {'start_time': '19:21:25', 'end_time': '20:22:42', 'offset_from_start': 0, 'operating': True}, {'start_time': '20:22:42', 'end_time': '21:00:00', 'offset_from_start': 0, 'operating': True}, {'start_time': '21:00:00', 'end_time': '23:59:59', 'offset_from_start': 0, 'operating': False}]",8.811531139515909,229.87592698251584,32400.0,352.4612455806364,5286.918683709553,26760.62007070981,1107D111
1107D111_10,"[{'start_time': '00:00:00', 'end_time': '06:00:00', 'offset_from_start': 0, 'operating': False}, {'start_time': '06:00:00', 'end_time': '06:11:17', 'offset_from_start': 3000, 'operating': True}, {'start_time': '06:11:17', 'end_time': '07:12:34', 'offset_from_start': 0, 'operating': True}, {'start_time': '07:12:34', 'end_time': '08:13:51', 'offset_from_start': 0, 'operating': True}, {'start_time': '08:13:51', 'end_time': '09:00:00', 'offset_from_start': 0, 'operating': True}, {'start_time': '09:00:00', 'end_time': '15:00:00', 'offset_from_start': 0, 'operating': False}, {'start_time': '15:00:00', 'end_time': '15:11:17', 'offset_from_start': 3000, 'operating': True}, {'start_time': '15:11:17', 'end_time': '16:12:34', 'offset_from_start': 0, 'operating': True}, {'start_time': '16:12:34', 'end_time': '17:13:51', 'offset_from_start': 0, 'operating': True}, {'start_time': '17:13:51', 'end_time': '18:15:08', 'offset_from_start': 0, 'operating': True}, {'start_time': '18:15:08', 'end_time': '19:16:25', 'offset_from_start': 0, 'operating': True}, {'start_time': '19:16:25', 'end_time': '20:17:42', 'offset_from_start': 0, 'operating': True}, {'start_time': '20:17:42', 'end_time': '21:00:00', 'offset_from_start': 0, 'operating': True}, {'start_time': '21:00:00', 'end_time': '23:59:59', 'offset_from_start': 0, 'operating': False}]",8.81153113951591,229.87592698251584,32400.0,352.4612455806364,5286.918683709548,26760.62007070982,1107D111
1107D111_11,"[{'start_time': '00:00:00', 'end_time': '06:00:00', 'offset_from_start': 0, 'operating': False}, {'start_time': '06:00:00', 'end_time': '06:06:17', 'offset_from_start': 3300, 'operating': True}, {'start_time': '06:06:17', 'end_time': '07:07:34', 'offset_from_start': 0, 'operating': True}, {'start_time': '07:07:34', 'end_time': '08:08:51', 'offset_from_start': 0, 'operating': True}, {'start_time': '08:08:51', 'end_time': '09:00:00', 'offset_from_start': 0, 'operating': True}, {'start_time': '09:00:00', 'end_time': '15:00:00', 'offset_from_start': 0, 'operating': False}, {'start_time': '15:00:00', 'end_time': '15:06:17', 'offset_from_start': 3300, 'operating': True}, {'start_time': '15:06:17', 'end_time': '16:07:34', 'offset_from_start': 0, 'operating': True}, {'start_time': '16:07:34', 'end_time': '17:08:51', 'offset_from_start': 0, 'operating': True}, {'start_time': '17:08:51', 'end_time': '18:10:08', 'offset_from_start': 0, 'operating': True}, {'start_time': '18:10:08', 'end_time': '19:11:25', 'offset_from_start': 0, 'operating': True}, {'start_time': '19:11:25', 'end_time': '20:12:42', 'offset_from_start': 0, 'operating': True}, {'start_time': '20:12:42', 'end_time': '21:00:00', 'offset_from_start': 0, 'operating': True}, {'start_time': '21:00:00', 'end_time': '23:59:59', 'offset_from_start': 0, 'operating': False}]",8.811531139515909,229.8759269825158,32400.0,352.4612455806364,5286.918683709542,26760.62007070983,1107D111
1107D110_0,"[{'start_time': '00:00:00', 'end_time': '06:00:00', 'offset_from_start': 0, 'operating': False}, {'start_time': '06:00:00', 'end_time': '07:04:25', 'offset_from_start': 0, 'operating': True}, {'start_time': '07:04:25', 'end_time': '08:08:50', 'offset_from_start': 0, 'operating': True}, {'start_time': '08:08:50', 'end_time': '09:00:00', 'offset_from_start': 0, 'operating': True}, {'start_time': '09:00:00', 'end_time': '10:04:25', 'offset_from_start': 0, 'operating': True}, {'start_time': '10:04:25', 'end_time': '11:08:50', 'offset_from_start': 0, 'operating': True}, {'start_time': '11:08:50', 'end_time': '12:13:15', 'offset_from_start': 0, 'operating': True}, {'start_time': '12:13:15', 'end_time': '13:17:40', 'offset_from_start': 0, 'operating': True}, {'start_time': '13:17:40', 'end_time': '14:22:05', 'offset_from_start': 0, 'operating': True}, {'start_time': '14:22:05', 'end_time': '15:00:00', 'offset_from_start': 0, 'operating': True}, {'start_time': '15:00:00', 'end_time': '16:04:25', 'offset_from_start': 0, 'operating': True}, {'start_time': '16:04:25', 'end_time': '17:08:50', 'offset_from_start': 0, 'operating': True}, {'start_time': '17:08:50', 'end_time': '18:13:15', 'offset_from_start': 0, 'operating': True}, {'start_time': '18:13:15', 'end_time': '19:17:40', 'offset_from_start': 0, 'operating': True}, {'start_time': '19:17:40', 'end_time': '20:22:05', 'offset_from_start': 0, 'operating': True}, {'start_time': '20:22:05', 'end_time': '21:00:00', 'offset_from_start': 0, 'operating': True}, {'start_time': '21:00:00', 'end_time': '23:59:59', 'offset_from_start': 0, 'operating': False}]",13.971539456662354,368.5754798739955,54000.0,558.8615782664942,10059.508408796897,43381.6300129366,1107D110
1107D110_1,"[{'start_time': '00:00:00', 'end_time': '06:00:00', 'offset_from_start': 0, 'operating': False}, {'start_time': '06:00:00', 'end_time': '06:59:25', 'offset_from_start': 300, 'operating': True}, {'start_time': '06:59:25', 'end_time': '08:03:50', 'offset_from_start': 0, 'operating': True}, {'start_time': '08:03:50', 'end_time': '09:00:00', 'offset_from_start': 0, 'operating': True}, {'start_time': '09:00:00', 'end_time': '09:49:25', 'offset_from_start': 900, 'operating': True}, {'start_time': '09:49:25', 'end_time': '10:53:50', 'offset_from_start': 0, 'operating': True}, {'start_time': '10:53:50', 'end_time': '11:58:15', 'offset_from_start': 0, 'operating': True}, {'start_time': '11:58:15', 'end_time': '13:02:40', 'offset_from_start': 0, 'operating': True}, {'start_time': '13:02:40', 'end_time': '14:07:05', 'offset_from_start': 0, 'operating': True}, {'start_time': '14:07:05', 'end_time': '15:00:00', 'offset_from_start': 0, 'operating': True}, {'start_time': '15:00:00', 'end_time': '15:59:25', 'offset_from_start': 300, 'operating': True}, {'start_time': '15:59:25', 'end_time': '17:03:50', 'offset_from_start': 0, 'operating': True}, {'start_time': '17:03:50', 'end_time': '18:08:15', 'offset_from_start': 0, 'operating': True}, {'start_time': '18:08:15', 'end_time': '19:12:40', 'offset_from_start': 0, 'operating': True}, {'start_time': '19:12:40', 'end_time': '20:17:05', 'offset_from_start': 0, 'operating': True}, {'start_time': '20:17:05', 'end_time': '21:00:00', 'offset_from_start': 0, 'operating': True}, {'start_time': '21:00:00', 'end_time': '23:59:59', 'offset_from_start': 0, 'operating': False}]",13.971539456662356,368.57547987399545,54000.0,558.8615782664941,10059.508408796879,43381.63001293663,1107D110
1107D110_2,"[{'start_time': '00:00:00', 'end_time': '06:00:00', 'offset_from_start': 0, 'operating': False}, {'start_time': '06:00:00', 'end_time': '06:54:25', 'offset_from_start': 600, 'operating': True}, {'start_time': '06:54:25', 'end_time': '07:58:50', 'offset_from_start': 0, 'operating': True}, {'start_time': '07:58:50', 'end_time': '09:00:00', 'offset_from_start': 0, 'operating': True}, {'start_time': '09:00:00', 'end_time': '09:34:25', 'offset_from_start': 1800, 'operating': True}, {'start_time': '09:34:25', 'end_time': '10:38:50', 'offset_from_start': 0, 'operating': True}, {'start_time': '10:38:50', 'end_time': '11:43:15', 'offset_from_start': 0, 'operating': True}, {'start_time': '11:43:15', 'end_time': '12:47:40', 'offset_from_start': 0, 'operating': True}, {'start_time': '12:47:40', 'end_time': '13:52:05', 'offset_from_start': 0, 'operating': True}, {'start_time': '13:52:05', 'end_time': '14:56:30', 'offset_from_start': 0, 'operating': True}, {'start_time': '14:56:30', 'end_time': '15:00:00', 'offset_from_start': 0, 'operating': True}, {'start_time': '15:00:00', 'end_time': '15:54:25', 'offset_from_start': 600, 'operating': True}, {'start_time': '15:54:25', 'end_time': '16:58:50', 'offset_from_start': 0, 'operating': True}, {'start_time': '16:58:50', 'end_time': '18:03:15', 'offset_from_start': 0, 'operating': True}, {'start_time': '18:03:15', 'end_time': '19:07:40', 'offset_from_start': 0, 'operating': True}, {'start_time': '19:07:40', 'end_time': '20:12:05', 'offset_from_start': 0, 'operating': True}, {'start_time': '20:12:05', 'end_time': '21:00:00', 'offset_from_start': 0, 'operating': True}, {'start_time': '21:00:00', 'end_time': '23:59:59', 'offset_from_start': 0, 'operating': False}]",13.971539456662354,368.5754798739955,54000.0,558.8615782664942,10059.508408796864,43381.63001293658,1107D110
1107D110_3,"[{'start_time': '00:00:00', 'end_time': '06:00:00', 'offset_from_start': 0, 'operating': False}, {'start_time': '06:00:00', 'end_time': '06:49:25', 'offset_from_start': 900, 'operating': True}, {'start_time': '06:49:25', 'end_time': '07:53:50', 'offset_from_start': 0, 'operating': True}, {'start_time': '07:53:50', 'end_time': '08:58:15', 'offset_from_start': 0, 'operating': True}, {'start_time': '08:58:15', 'end_time': '09:00:00', 'offset_from_start': 0, 'operating': True}, {'start_time': '09:00:00', 'end_time': '09:19:25', 'offset_from_start': 2700, 'operating': True}, {'start_time': '09:19:25', 'end_time': '10:23:50', 'offset_from_start': 0, 'operating': True}, {'start_time': '10:23:50', 'end_time': '11:28:15', 'offset_from_start': 0, 'operating': True}, {'start_time': '11:28:15', 'end_time': '12:32:40', 'offset_from_start': 0, 'operating': True}, {'start_time': '12:32:40', 'end_time': '13:37:05', 'offset_from_start': 0, 'operating': True}, {'start_time': '13:37:05', 'end_time': '14:41:30', 'offset_from_start': 0, 'operating': True}, {'start_time': '14:41:30', 'end_time': '15:00:00', 'offset_from_start': 0, 'operating': True}, {'start_time': '15:00:00', 'end_time': '15:49:25', 'offset_from_start': 900, 'operating': True}, {'start_time': '15:49:25', 'end_time': '16:53:50', 'offset_from_start': 0, 'operating': True}, {'start_time': '16:53:50', 'end_time': '17:58:15', 'offset_from_start': 0, 'operating': True}, {'start_time': '17:58:15', 'end_time': '19:02:40', 'offset_from_start': 0, 'operating': True}, {'start_time': '19:02:40', 'end_time': '20:07:05', 'offset_from_start': 0, 'operating': True}, {'start_time': '20:07:05', 'end_time': '21:00:00', 'offset_from_start': 0, 'operating': True}, {'start_time': '21:00:00', 'end_time': '23:59:59', 'offset_from_start': 0, 'operating': False}]",13.971539456662354,368.5754798739955,54000.0,558.8615782664942,10059.508408796913,43381.630012936614,1107D110
1107D110_4,"[{'start_time': '00:00:00', 'end_time': '06:00:00', 'offset_from_start': 0, 'operating': False}, {'start_time': '06:00:00', 'end_time': '06:44:25', 'offset_from_start': 1200, 'operating': True}, {'start_time': '06:44:25', 'end_time': '07:48:50', 'offset_from_start': 0, 'operating': True}, {'start_time': '07:48:50', 'end_time': '08:53:15', 'offset_from_start': 0, 'operating': True}, {'start_time': '08:53:15', 'end_time': '09:00:00', 'offset_from_start': 0, 'operating': True}, {'start_time': '09:00:00', 'end_time': '15:00:00', 'offset_from_start': 0, 'operating': False}, {'start_time': '15:00:00', 'end_time': '15:44:25', 'offset_from_start': 1200, 'operating': True}, {'start_time': '15:44:25', 'end_time': '16:48:50', 'offset_from_start': 0, 'operating': True}, {'start_time': '16:48:50', 'end_time': '17:53:15', 'offset_from_start': 0, 'operating': True}, {'start_time': '17:53:15', 'end_time': '18:57:40', 'offset_from_start': 0, 'operating': True}, {'start_time': '18:57:40', 'end_time': '20:02:05', 'offset_from_start': 0, 'operating': True}, {'start_time': '20:02:05', 'end_time': '21:00:00', 'offset_from_start': 0, 'operating': True}, {'start_time': '21:00:00', 'end_time': '23:59:59', 'offset_from_start': 0, 'operating': False}]",8.382923673997412,221.1452879243973,32400.0,335.3169469598965,6035.705045278122,26028.978007761983,1107D110
1107D110_5,"[{'start_time': '00:00:00', 'end_time': '06:00:00', 'offset_from_start': 0, 'operating': False}, {'start_time': '06:00:00', 'end_time': '06:39:25', 'offset_from_start': 1500, 'operating': True}, {'start_time': '06:39:25', 'end_time': '07:43:50', 'offset_from_start': 0, 'operating': True}, {'start_time': '07:43:50', 'end_time': '08:48:15', 'offset_from_start': 0, 'operating': True}, {'start_time': '08:48:15', 'end_time': '09:00:00', 'offset_from_start': 0, 'operating': True}, {'start_time': '09:00:00', 'end_time': '15:00:00', 'offset_from_start': 0, 'operating': False}, {'start_time': '15:00:00', 'end_time': '15:39:25', 'offset_from_start': 1500, 'operating': True}, {'start_time': '15:39:25', 'end_time': '16:43:50', 'offset_from_start': 0, 'operating': True}, {'start_time': '16:43:50', 'end_time': '17:48:15', 'offset_from_start': 0, 'operating': True}, {'start_time': '17:48:15', 'end_time': '18:52:40', 'offset_from_start': 0, 'operating': True}, {'start_time': '18:52:40', 'end_time': '19:57:05', 'offset_from_start': 0, 'operating': True}, {'start_time': '19:57:05', 'end_time': '21:00:00', 'offset_from_start': 0, 'operating': True}, {'start_time': '21:00:00', 'end_time': '23:59:59', 'offset_from_start': 0, 'operating': False}]",8.382923673997412,221.14528792439728,32400.0,335.3169469598965,6035.705045278139,26028.978007761973,1107D110
1107D110_6,"[{'start_time': '00:00:00', 'end_time': '06:00:00', 'offset_from_start': 0, 'operating': False}, {'start_time': '06:00:00', 'end_time': '06:34:25', 'offset_from_start': 1800, 'operating': True}, {'start_time': '06:34:25', 'end_time': '07:38:50', 'offset_from_start': 0, 'operating': True}, {'start_time': '07:38:50', 'end_time': '08:43:15', 'offset_from_start': 0, 'operating': True}, {'start_time': '08:43:15', 'end_time': '09:00:00', 'offset_from_start': 0, 'operating': True}, {'start_time': '09:00:00', 'end_time': '15:00:00', 'offset_from_start': 0, 'operating': False}, {'start_time': '15:00:00', 'end_time': '15:34:25', 'offset_from_start': 1800, 'operating': True}, {'start_time': '15:34:25', 'end_time': '16:38:50', 'offset_from_start': 0, 'operating': True}, {'start_time': '16:38:50', 'end_time': '17:43:15', 'offset_from_start': 0, 'operating': True}, {'start_time': '17:43:15', 'end_time': '18:47:40', 'offset_from_start': 0, 'operating': True}, {'start_time': '18:47:40', 'end_time': '19:52:05', 'offset_from_start': 0, 'operating': True}, {'start_time': '19:52:05', 'end_time': '20:56:30', 'offset_from_start': 0, 'operating': True}, {'start_time': '20:56:30', 'end_time': '21:00:00', 'offset_from_start': 0, 'operating': True}, {'start_time': '21:00:00', 'end_time': '23:59:59', 'offset_from_start': 0, 'operating': False}]",8.382923673997412,221.14528792439728,32400.0,335.31694695989654,6035.705045278123,26028.978007761965,1107D110
1107D110_7,"[{'start_time': '00:00:00', 'end_time': '06:00:00', 'offset_from_start': 0, 'operating': False}, {'start_time': '06:00:00', 'end_time': '06:29:25', 'offset_from_start': 2100, 'operating': True}, {'start_time': '06:29:25', 'end_time': '07:33:50', 'offset_from_start': 0, 'operating': True}, {'start_time': '07:33:50', 'end_time': '08:38:15', 'offset_from_start': 0, 'operating': True}, {'start_time': '08:38:15', 'end_time': '09:00:00', 'offset_from_start': 0, 'operating': True}, {'start_time': '09:00:00', 'end_time': '15:00:00', 'offset_from_start': 0, 'operating': False}, {'start_time': '15:00:00', 'end_time': '15:29:25', 'offset_from_start': 2100, 'operating': True}, {'start_time': '15:29:25', 'end_time': '16:33:50', 'offset_from_start': 0, 'operating': True}, {'start_time': '16:33:50', 'end_time': '17:38:15', 'offset_from_start': 0, 'operating': True}, {'start_time': '17:38:15', 'end_time': '18:42:40', 'offset_from_start': 0, 'operating': True}, {'start_time': '18:42:40', 'end_time': '19:47:05', 'offset_from_start': 0, 'operating': True}, {'start_time': '19:47:05', 'end_time': '20:51:30', 'offset_from_start': 0, 'operating': True}, {'start_time': '20:51:30', 'end_time': '21:00:00', 'offset_from_start': 0, 'operating': True}, {'start_time': '21:00:00', 'end_time': '23:59:59', 'offset_from_start': 0, 'operating': False}]",8.382923673997412,221.14528792439728,32400.0,335.3169469598965,6035.70504527814,26028.978007761958,1107D110
1107D110_8,"[{'start_time': '00:00:00', 'end_time': '06:00:00', 'offset_from_start': 0, 'operating': False}, {'start_time': '06:00:00', 'end_time': '06:24:25', 'offset_from_start': 2400, 'operating': True}, {'start_time': '06:24:25', 'end_time': '07:28:50', 'offset_from_start': 0, 'operating': True}, {'start_time': '07:28:50', 'end_time': '08:33:15', 'offset_from_start': 0, 'operating': True}, {'start_time': '08:33:15', 'end_time': '09:00:00', 'offset_from_start': 0, 'operating': True}, {'start_time': '09:00:00', 'end_time': '15:00:00', 'offset_from_start': 0, 'operating': False}, {'start_time': '15:00:00', 'end_time': '15:24:25', 'offset_from_start': 2400, 'operating': True}, {'start_time': '15:24:25', 'end_time': '16:28:50', 'offset_from_start': 0, 'operating': True}, {'start_time': '16:28:50', 'end_time': '17:33:15', 'offset_from_start': 0, 'operating': True}, {'start_time': '17:33:15', 'end_time': '18:37:40', 'offset_from_start': 0, 'operating': True}, {'start_time': '18:37:40', 'end_time': '19:42:05', 'offset_from_start': 0, 'operating': True}, {'start_time': '19:42:05', 'end_time': '20:46:30', 'offset_from_start': 0, 'operating': True}, {'start_time': '20:46:30', 'end_time': '21:00:00', 'offset_from_start': 0, 'operating': True}, {'start_time': '21:00:00', 'end_time': '23:59:59', 'offset_from_start': 0, 'operating': False}]",8.382923673997412,221.1452879243973,32400.0,335.31694695989654,6035.705045278124,26028.978007761976,1107D110
1107D110_9,"[{'start_time': '00:00:00', 'end_time': '06:00:00', 'offset_from_start': 0, 'operating': False}, {'start_time': '06:00:00', 'end_time': '06:19:25', 'offset_from_start': 2700, 'operating': True}, {'start_time': '06:19:25', 'end_time': '07:23:50', 'offset_from_start': 0, 'operating': True}, {'start_time': '07:23:50', 'end_time': '08:28:15', 'offset_from_start': 0, 'operating': True}, {'start_time': '08:28:15', 'end_time': '09:00:00', 'offset_from_start': 0, 'operating': True}, {'start_time': '09:00:00', 'end_time': '15:00:00', 'offset_from_start': 0, 'operating': False}, {'start_time': '15:00:00', 'end_time': '15:19:25', 'offset_from_start': 2700, 'operating': True}, {'start_time': '15:19:25', 'end_time': '16:23:50', 'offset_from_start': 0, 'operating': True}, {'start_time': '16:23:50', 'end_time': '17:28:15', 'offset_from_start': 0, 'operating': True}, {'start_time': '17:28:15', 'end_time': '18:32:40', 'offset_from_start': 0, 'operating': True}, {'start_time': '18:32:40', 'end_time': '19:37:05', 'offset_from_start': 0, 'operating': True}, {'start_time': '19:37:05', 'end_time': '20:41:30', 'offset_from_start': 0, 'operating': True}, {'start_time': '20:41:30', 'end_time': '21:00:00', 'offset_from_start': 0, 'operating': True}, {'start_time': '21:00:00', 'end_time': '23:59:59', 'offset_from_start': 0, 'operating': False}]",8.382923673997412,221.14528792439728,32400.0,335.31694695989654,6035.7050452781405,26028.97800776196,1107D110
1107D110_10,"[{'start_time': '00:00:00', 'end_time': '06:00:00', 'offset_from_start': 0, 'operating': False}, {'start_time': '06:00:00', 'end_time': '06:14:25', 'offset_from_start': 3000, 'operating': True}, {'start_time': '06:14:25', 'end_time': '07:18:50', 'offset_from_start': 0, 'operating': True}, {'start_time': '07:18:50', 'end_time': '08:23:15', 'offset_from_start': 0, 'operating': True}, {'start_time': '08:23:15', 'end_time': '09:00:00', 'offset_from_start': 0, 'operating': True}, {'start_time': '09:00:00', 'end_time': '15:00:00', 'offset_from_start': 0, 'operating': False}, {'start_time': '15:00:00', 'end_time': '15:14:25', 'offset_from_start': 3000, 'operating': True}, {'start_time': '15:14:25', 'end_time': '16:18:50', 'offset_from_start': 0, 'operating': True}, {'start_time': '16:18:50', 'end_time': '17:23:15', 'offset_from_start': 0, 'operating': True}, {'start_time': '17:23:15', 'end_time': '18:27:40', 'offset_from_start': 0, 'operating': True}, {'start_time': '18:27:40', 'end_time': '19:32:05', 'offset_from_start': 0, 'operating': True}, {'start_time': '19:32:05', 'end_time': '20:36:30', 'offset_from_start': 0, 'operating': True}, {'start_time': '20:36:30', 'end_time': '21:00:00', 'offset_from_start': 0, 'operating': True}, {'start_time': '21:00:00', 'end_time': '23:59:59', 'offset_from_start': 0, 'operating': False}]",8.382923673997412,221.14528792439728,32400.0,335.31694695989654,6035.705045278124,26028.978007761973,1107D110
1107D110_11,"[{'start_time': '00:00:00', 'end_time': '06:00:00', 'offset_from_start': 0, 'operating': False}, {'start_time': '06:00:00', 'end_time': '06:09:25', 'offset_from_start': 3300, 'operating': True}, {'start_time': '06:09:25', 'end_time': '07:13:50', 'offset_from_start': 0, 'operating': True}, {'start_time': '07:13:50', 'end_time': '08:18:15', 'offset_from_start': 0, 'operating': True}, {'start_time': '08:18:15', 'end_time': '09:00:00', 'offset_from_start': 0, 'operating': True}, {'start_time': '09:00:00', 'end_time': '15:00:00', 'offset_from_start': 0, 'operating': False}, {'start_time': '15:00:00', 'end_time': '15:09:25', 'offset_from_start': 3300, 'operating': True}, {'start_time': '15:09:25', 'end_time': '16:13:50', 'offset_from_start': 0, 'operating': True}, {'start_time': '16:13:50', 'end_time': '17:18:15', 'offset_from_start': 0, 'operating': True}, {'start_time': '17:18:15', 'end_time': '18:22:40', 'offset_from_start': 0, 'operating': True}, {'start_time': '18:22:40', 'end_time': '19:27:05', 'offset_from_start': 0, 'operating': True}, {'start_time': '19:27:05', 'end_time': '20:31:30', 'offset_from_start': 0, 'operating': True}, {'start_time': '20:31:30', 'end_time': '21:00:00', 'offset_from_start': 0, 'operating': True}, {'start_time': '21:00:00', 'end_time': '23:59:59', 'offset_from_start': 0, 'operating': False}]",8.382923673997412,221.1452879243973,32400.0,335.31694695989654,6035.7050452781405,26028.978007761947,1107D110
1107D110_12,"[{'start_time': '00:00:00', 'end_time': '06:00:00', 'offset_from_start': 0, 'operating': False}, {'start_time': '06:00:00', 'end_time': '06:04:25', 'offset_from_start': 3600, 'operating': True}, {'start_time': '06:04:25', 'end_time': '07:08:50', 'offset_from_start': 0, 'operating': True}, {'start_time': '07:08:50', 'end_time': '08:13:15', 'offset_from_start': 0, 'operating': True}, {'start_time': '08:13:15', 'end_time': '09:00:00', 'offset_from_start': 0, 'operating': True}, {'start_time': '09:00:00', 'end_time': '15:00:00', 'offset_from_start': 0, 'operating': False}, {'start_time': '15:00:00', 'end_time': '15:04:25', 'offset_from_start': 3600, 'operating': True}, {'start_time': '15:04:25', 'end_time': '16:08:50', 'offset_from_start': 0, 'operating': True}, {'start_time': '16:08:50', 'end_time': '17:13:15', 'offset_from_start': 0, 'operating': True}, {'start_time': '17:13:15', 'end_time': '18:17:40', 'offset_from_start': 0, 'operating': True}, {'start_time': '18:17:40', 'end_time': '19:22:05', 'offset_from_start': 0, 'operating': True}, {'start_time': '19:22:05', 'end_time': '20:26:30', 'offset_from_start': 0, 'operating': True}, {'start_time': '20:26:30', 'end_time': '21:00:00', 'offset_from_start': 0, 'operating': True}, {'start_time': '21:00:00', 'end_time': '23:59:59', 'offset_from_start': 0, 'operating': False}]",8.382923673997412,221.1452879243973,32400.0,335.3169469598964,6035.705045278124,26028.978007761958,1107D110
10114110_0,"[{'start_time': '00:00:00', 'end_time': '06:00:00', 'offset_from_start': 0, 'operating': False}, {'start_time': '06:00:00', 'end_time': '07:28:35', 'offset_from_start': 0, 'operating': True}, {'start_time': '07:28:35', 'end_time': '08:57:10', 'offset_from_start': 0, 'operating': True}, {'start_time': '08:57:10', 'end_time': '09:00:00', 'offset_from_start': 0, 'operating': True}, {'start_time': '09:00:00', 'end_time': '10:28:35', 'offset_from_start': 0, 'operating': True}, {'start_time': '10:28:35', 'end_time': '11:57:10', 'offset_from_start': 0, 'operating': True}, {'start_time': '11:57:10', 'end_time': '13:25:45', 'offset_from_start': 0, 'operating': True}, {'start_time': '13:25:45', 'end_time': '14:54:20', 'offset_from_start': 0, 'operating': True}, {'start_time': '14:54:20', 'end_time': '15:00:00', 'offset_from_start': 0, 'operating': True}, {'start_time': '15:00:00', 'end_time': '16:28:35', 'offset_from_start': 0, 'operating': True}, {'start_time': '16:28:35', 'end_time': '17:57:10', 'offset_from_start': 0, 'operating': True}, {'start_time': '17:57:10', 'end_time': '19:25:45', 'offset_from_start': 0, 'operating': True}, {'start_time': '19:25:45', 'end_time': '20:54:20', 'offset_from_start': 0, 'operating': True}, {'start_time': '20:54:20', 'end_time': '21:00:00', 'offset_from_start': 0, 'operating': True}, {'start_time': '21:00:00', 'end_time': '23:59:59', 'offset_from_start': 0, 'operating': False}]",10.159924741298212,331.7507070523293,54000.0,406.3969896519285,13817.497648165627,39776.10536218249,10114110
10114110_1,"[{'start_time': '00:00:00', 'end_time': '06:00:00', 'offset_from_start': 0, 'operating': False}, {'start_time': '06:00:00', 'end_time': '07:23:35', 'offset_from_start': 300, 'operating': True}, {'start_time': '07:23:35', 'end_time': '08:52:10', 'offset_from_start': 0, 'operating': True}, {'start_time': '08:52:10', 'end_time': '09:00:00', 'offset_from_start': 0, 'operating': True}, {'start_time': '09:00:00', 'end_time': '10:13:35', 'offset_from_start': 900, 'operating': True}, {'start_time': '10:13:35', 'end_time': '11:42:10', 'offset_from_start': 0, 'operating': True}, {'start_time': '11:42:10', 'end_time': '13:10:45', 'offset_from_start': 0, 'operating': True}, {'start_time': '13:10:45', 'end_time': '14:39:20', 'offset_from_start': 0, 'operating': True}, {'start_time': '14:39:20', 'end_time': '15:00:00', 'offset_from_start': 0, 'operating': True}, {'start_time': '15:00:00', 'end_time': '16:23:35', 'offset_from_start': 300, 'operating': True}, {'start_time': '16:23:35', 'end_time': '17:52:10', 'offset_from_start': 0, 'operating': True}, {'start_time': '17:52:10', 'end_time': '19:20:45', 'offset_from_start': 0, 'operating': True}, {'start_time': '19:20:45', 'end_time': '20:49:20', 'offset_from_start': 0, 'operating': True}, {'start_time': '20:49:20', 'end_time': '21:00:00', 'offset_from_start': 0, 'operating': True}, {'start_time': '21:00:00', 'end_time': '23:59:59', 'offset_from_start': 0, 'operating': False}]",10.159924741298212,331.75070705232935,54000.0,406.39698965192855,13817.497648165616,39776.10536218249,10114110
10114110_2,"[{'start_time': '00:00:00', 'end_time': '06:00:00', 'offset_from_start': 0, 'operating': False}, {'start_time': '06:00:00', 'end_time': '07:18:35', 'offset_from_start': 600, 'operating': True}, {'start_time': '07:18:35', 'end_time': '08:47:10', 'offset_from_start': 0, 'operating': True}, {'start_time': '08:47:10', 'end_time': '09:00:00', 'offset_from_start': 0, 'operating': True}, {'start_time': '09:00:00', 'end_time': '09:58:35', 'offset_from_start': 1800, 'operating': True}, {'start_time': '09:58:35', 'end_time': '11:27:10', 'offset_from_start': 0, 'operating': True}, {'start_time': '11:27:10', 'end_time': '12:55:45', 'offset_from_start': 0, 'operating': True}, {'start_time': '12:55:45', 'end_time': '14:24:20', 'offset_from_start': 0, 'operating': True}, {'start_time': '14:24:20', 'end_time': '15:00:00', 'offset_from_start': 0, 'operating': True}, {'start_time': '15:00:00', 'end_time': '16:18:35', 'offset_from_start': 600, 'operating': True}, {'start_time': '16:18:35', 'end_time': '17:47:10', 'offset_from_start': 0, 'operating': True}, {'start_time': '17:47:10', 'end_time': '19:15:45', 'offset_from_start': 0, 'operating': True}, {'start_time': '19:15:45', 'end_time': '20:44:20', 'offset_from_start': 0, 'operating': True}, {'start_time': '20:44:20', 'end_time': '21:00:00', 'offset_from_start': 0, 'operating': True}, {'start_time': '21:00:00', 'end_time': '23:59:59', 'offset_from_start': 0, 'operating': False}]",10.159924741298214,331.7507070523293,54000.0,406.3969896519285,13817.497648165616,39776.10536218252,10114110
10114110_3,"[{'start_time': '00:00:00', 'end_time': '06:00:00', 'offset_from_start': 0, 'operating': False}, {'start_time': '06:00:00', 'end_time': '07:13:35', 'offset_from_start': 900, 'operating': True}, {'start_time': '07:13:35', 'end_time': '08:42:10', 'offset_from_start': 0, 'operating': True}, {'start_time': '08:42:10', 'end_time': '09:00:00', 'offset_from_start': 0, 'operating': True}, {'start_time': '09:00:00', 'end_time': '09:43:35', 'offset_from_start': 2700, 'operating': True}, {'start_time': '09:43:35', 'end_time': '11:12:10', 'offset_from_start': 0, 'operating': True}, {'start_time': '11:12:10', 'end_time': '12:40:45', 'offset_from_start': 0, 'operating': True}, {'start_time': '12:40:45', 'end_time': '14:09:20', 'offset_from_start': 0, 'operating': True}, {'start_time': '14:09:20', 'end_time': '15:00:00', 'offset_from_start': 0, 'operating': True}, {'start_time': '15:00:00', 'end_time': '16:13:35', 'offset_from_start': 900, 'operating': True}, {'start_time': '16:13:35', 'end_time': '17:42:10', 'offset_from_start': 0, 'operating': True}, {'start_time': '17:42:10', 'end_time': '19:10:45', 'offset_from_start': 0, 'operating': True}, {'start_time': '19:10:45', 'end_time': '20:39:20', 'offset_from_start': 0, 'operating': True}, {'start_time': '20:39:20', 'end_time': '21:00:00', 'offset_from_start': 0, 'operating': True}, {'start_time': '21:00:00', 'end_time': '23:59:59', 'offset_from_start': 0, 'operating': False}]",10.159924741298212,331.75070705232935,54000.0,406.39698965192855,13817.497648165596,39776.10536218251,10114110
10114110_4,"[{'start_time': '00:00:00', 'end_time': '06:00:00', 'offset_from_start': 0, 'operating': False}, {'start_time': '06:00:00', 'end_time': '07:08:35', 'offset_from_start': 1200, 'operating': True}, {'start_time': '07:08:35', 'end_time': '08:37:10', 'offset_from_start': 0, 'operating': True}, {'start_time': '08:37:10', 'end_time': '09:00:00', 'offset_from_start': 0, 'operating': True}, {'start_time': '09:00:00', 'end_time': '09:28:35', 'offset_from_start': 3600, 'operating': True}, {'start_time': '09:28:35', 'end_time': '10:57:10', 'offset_from_start': 0, 'operating': True}, {'start_time': '10:57:10', 'end_time': '12:25:45', 'offset_from_start': 0, 'operating': True}, {'start_time': '12:25:45', 'end_time': '13:54:20', 'offset_from_start': 0, 'operating': True}, {'start_time': '13:54:20', 'end_time': '15:00:00', 'offset_from_start': 0, 'operating': True}, {'start_time': '15:00:00', 'end_time': '16:08:35', 'offset_from_start': 1200, 'operating': True}, {'start_time': '16:08:35', 'end_time': '17:37:10', 'offset_from_start': 0, 'operating': True}, {'start_time': '17:37:10', 'end_time': '19:05:45', 'offset_from_start': 0, 'operating': True}, {'start_time': '19:05:45', 'end_time': '20:34:20', 'offset_from_start': 0, 'operating': True}, {'start_time': '20:34:20', 'end_time': '21:00:00', 'offset_from_start': 0, 'operating': True}, {'start_time': '21:00:00', 'end_time': '23:59:59', 'offset_from_start': 0, 'operating': False}]",10.159924741298212,331.75070705232935,54000.0,406.3969896519285,13817.497648165627,39776.105362182505,10114110
10114110_5,"[{'start_time': '00:00:00', 'end_time': '06:00:00', 'offset_from_start': 0, 'operating': False}, {'start_time': '06:00:00', 'end_time': '07:03:35', 'offset_from_start': 1500, 'operating': True}, {'start_time': '07:03:35', 'end_time': '08:32:10', 'offset_from_start': 0, 'operating': True}, {'start_time': '08:32:10', 'end_time': '09:00:00', 'offset_from_start': 0, 'operating': True}, {'start_time': '09:00:00', 'end_time': '09:13:35', 'offset_from_start': 4500, 'operating': True}, {'start_time': '09:13:35', 'end_time': '10:42:10', 'offset_from_start': 0, 'operating': True}, {'start_time': '10:42:10', 'end_time': '12:10:45', 'offset_from_start': 0, 'operating': True}, {'start_time': '12:10:45', 'end_time': '13:39:20', 'offset_from_start': 0, 'operating': True}, {'start_time': '13:39:20', 'end_time': '15:00:00', 'offset_from_start': 0, 'operating': True}, {'start_time': '15:00:00', 'end_time': '16:03:35', 'offset_from_start': 1500, 'operating': True}, {'start_time': '16:03:35', 'end_time': '17:32:10', 'offset_from_start': 0, 'operating': True}, {'start_time': '17:32:10', 'end_time': '19:00:45', 'offset_from_start': 0, 'operating': True}, {'start_time': '19:00:45', 'end_time': '20:29:20', 'offset_from_start': 0, 'operating': True}, {'start_time': '20:29:20', 'end_time': '21:00:00', 'offset_from_start': 0, 'operating': True}, {'start_time': '21:00:00', 'end_time': '23:59:59', 'offset_from_start': 0, 'operating': False}]",10.159924741298212,331.75070705232935,54000.0,406.39698965192855,13817.497648165601,39776.10536218255,10114110
10114110_6,"[{'start_time': '00:00:00', 'end_time': '06:00:00', 'offset_from_start': 0, 'operating': False}, {'start_time': '06:00:00', 'end_time': '06:58:35', 'offset_from_start': 1800, 'operating': True}, {'start_time': '06:58:35', 'end_time': '08:27:10', 'offset_from_start': 0, 'operating': True}, {'start_time': '08:27:10', 'end_time': '09:00:00', 'offset_from_start': 0, 'operating': True}, {'start_time': '09:00:00', 'end_time': '15:00:00', 'offset_from_start': 0, 'operating': False}, {'start_time': '15:00:00', 'end_time': '15:58:35', 'offset_from_start': 1800, 'operating': True}, {'start_time': '15:58:35', 'end_time': '17:27:10', 'offset_from_start': 0, 'operating': True}, {'start_time': '17:27:10', 'end_time': '18:55:45', 'offset_from_start': 0, 'operating': True}, {'start_time': '18:55:45', 'end_time': '20:24:20', 'offset_from_start': 0, 'operating': True}, {'start_time': '20:24:20', 'end_time': '21:00:00', 'offset_from_start': 0, 'operating': True}, {'start_time': '21:00:00', 'end_time': '23:59:59', 'offset_from_start': 0, 'operating': False}]",6.095954844778928,199.05042423139764,32400.0,243.8381937911571,8290.498588899365,23865.663217309502,10114110
10114110_7,"[{'start_time': '00:00:00', 'end_time': '06:00:00', 'offset_from_start': 0, 'operating': False}, {'start_time': '06:00:00', 'end_time': '06:53:35', 'offset_from_start': 2100, 'operating': True}, {'start_time': '06:53:35', 'end_time': '08:22:10', 'offset_from_start': 0, 'operating': True}, {'start_time': '08:22:10', 'end_time': '09:00:00', 'offset_from_start': 0, 'operating': True}, {'start_time': '09:00:00', 'end_time': '15:00:00', 'offset_from_start': 0, 'operating': False}, {'start_time': '15:00:00', 'end_time': '15:53:35', 'offset_from_start': 2100, 'operating': True}, {'start_time': '15:53:35', 'end_time': '17:22:10', 'offset_from_start': 0, 'operating': True}, {'start_time': '17:22:10', 'end_time': '18:50:45', 'offset_from_start': 0, 'operating': True}, {'start_time': '18:50:45', 'end_time': '20:19:20', 'offset_from_start': 0, 'operating': True}, {'start_time': '20:19:20', 'end_time': '21:00:00', 'offset_from_start': 0, 'operating': True}, {'start_time': '21:00:00', 'end_time': '23:59:59', 'offset_from_start': 0, 'operating': False}]",6.095954844778928,199.05042423139764,32400.0,243.8381937911571,8290.498588899356,23865.663217309488,10114110
10114110_8,"[{'start_time': '00:00:00', 'end_time': '06:00:00', 'offset_from_start': 0, 'operating': False}, {'start_time': '06:00:00', 'end_time': '06:48:35', 'offset_from_start': 2400, 'operating': True}, {'start_time': '06:48:35', 'end_time': '08:17:10', 'offset_from_start': 0, 'operating': True}, {'start_time': '08:17:10', 'end_time': '09:00:00', 'offset_from_start': 0, 'operating': True}, {'start_time': '09:00:00', 'end_time': '15:00:00', 'offset_from_start': 0, 'operating': False}, {'start_time': '15:00:00', 'end_time': '15:48:35', 'offset_from_start': 2400, 'operating': True}, {'start_time': '15:48:35', 'end_time': '17:17:10', 'offset_from_start': 0, 'operating': True}, {'start_time': '17:17:10', 'end_time': '18:45:45', 'offset_from_start': 0, 'operating': True}, {'start_time': '18:45:45', 'end_time': '20:14:20', 'offset_from_start': 0, 'operating': True}, {'start_time': '20:14:20', 'end_time': '21:00:00', 'offset_from_start': 0, 'operating': True}, {'start_time': '21:00:00', 'end_time': '23:59:59', 'offset_from_start': 0, 'operating': False}]",6.095954844778928,199.0504242313976,32400.0,243.8381937911571,8290.498588899378,23865.66321730949,10114110
10114110_9,"[{'start_time': '00:00:00', 'end_time': '06:00:00', 'offset_from_start': 0, 'operating': False}, {'start_time': '06:00:00', 'end_time': '06:43:35', 'offset_from_start': 2700, 'operating': True}, {'start_time': '06:43:35', 'end_time': '08:12:10', 'offset_from_start': 0, 'operating': True}, {'start_time': '08:12:10', 'end_time': '09:00:00', 'offset_from_start': 0, 'operating': True}, {'start_time': '09:00:00', 'end_time': '15:00:00', 'offset_from_start': 0, 'operating': False}, {'start_time': '15:00:00', 'end_time': '15:43:35', 'offset_from_start': 2700, 'operating': True}, {'start_time': '15:43:35', 'end_time': '17:12:10', 'offset_from_start': 0, 'operating': True}, {'start_time': '17:12:10', 'end_time': '18:40:45', 'offset_from_start': 0, 'operating': True}, {'start_time': '18:40:45', 'end_time': '20:09:20', 'offset_from_start': 0, 'operating': True}, {'start_time': '20:09:20', 'end_time': '21:00:00', 'offset_from_start': 0, 'operating': True}, {'start_time': '21:00:00', 'end_time': '23:59:59', 'offset_from_start': 0, 'operating': False}]",6.095954844778928,199.05042423139764,32400.0,243.83819379115712,8290.498588899347,23865.663217309502,10114110
10114110_10,"[{'start_time': '00:00:00', 'end_time': '06:00:00', 'offset_from_start': 0, 'operating': False}, {'start_time': '06:00:00', 'end_time': '06:38:35', 'offset_from_start': 3000, 'operating': True}, {'start_time': '06:38:35', 'end_time': '08:07:10', 'offset_from_start': 0, 'operating': True}, {'start_time': '08:07:10', 'end_time': '09:00:00', 'offset_from_start': 0, 'operating': True}, {'start_time': '09:00:00', 'end_time': '15:00:00', 'offset_from_start': 0, 'operating': False}, {'start_time': '15:00:00', 'end_time': '15:38:35', 'offset_from_start': 3000, 'operating': True}, {'start_time': '15:38:35', 'end_time': '17:07:10', 'offset_from_start': 0, 'operating': True}, {'start_time': '17:07:10', 'end_time': '18:35:45', 'offset_from_start': 0, 'operating': True}, {'start_time': '18:35:45', 'end_time': '20:04:20', 'offset_from_start': 0, 'operating': True}, {'start_time': '20:04:20', 'end_time': '21:00:00', 'offset_from_start': 0, 'operating': True}, {'start_time': '21:00:00', 'end_time': '23:59:59', 'offset_from_start': 0, 'operating': False}]",6.095954844778928,199.05042423139764,32400.0,243.83819379115707,8290.49858889937,23865.6632173095,10114110
10114110_11,"[{'start_time': '00:00:00', 'end_time': '06:00:00', 'offset_from_start': 0, 'operating': False}, {'start_time': '06:00:00', 'end_time': '06:33:35', 'offset_from_start': 3300, 'operating': True}, {'start_time': '06:33:35', 'end_time': '08:02:10', 'offset_from_start': 0, 'operating': True}, {'start_time': '08:02:10', 'end_time': '09:00:00', 'offset_from_start': 0, 'operating': True}, {'start_time': '09:00:00', 'end_time': '15:00:00', 'offset_from_start': 0, 'operating': False}, {'start_time': '15:00:00', 'end_time': '15:33:35', 'offset_from_start': 3300, 'operating': True}, {'start_time': '15:33:35', 'end_time': '17:02:10', 'offset_from_start': 0, 'operating': True}, {'start_time': '17:02:10', 'end_time': '18:30:45', 'offset_from_start': 0, 'operating': True}, {'start_time': '18:30:45', 'end_time': '19:59:20', 'offset_from_start': 0, 'operating': True}, {'start_time': '19:59:20', 'end_time': '21:00:00', 'offset_from_start': 0, 'operating': True}, {'start_time': '21:00:00', 'end_time': '23:59:59', 'offset_from_start': 0, 'operating': False}]",6.0959548447789285,199.05042423139764,32400.0,243.8381937911571,8290.498588899352,23865.663217309484,10114110
10114110_12,"[{'start_time': '00:00:00', 'end_time': '06:00:00', 'offset_from_start': 0, 'operating': False}, {'start_time': '06:00:00', 'end_time': '06:28:35', 'offset_from_start': 3600, 'operating': True}, {'start_time': '06:28:35', 'end_time': '07:57:10', 'offset_from_start': 0, 'operating': True}, {'start_time': '07:57:10', 'end_time': '09:00:00', 'offset_from_start': 0, 'operating': True}, {'start_time': '09:00:00', 'end_time': '15:00:00', 'offset_from_start': 0, 'operating': False}, {'start_time': '15:00:00', 'end_time': '15:28:35', 'offset_from_start': 3600, 'operating': True}, {'start_time': '15:28:35', 'end_time': '16:57:10', 'offset_from_start': 0, 'operating': True}, {'start_time': '16:57:10', 'end_time': '18:25:45', 'offset_from_start': 0, 'operating': True}, {'start_time': '18:25:45', 'end_time': '19:54:20', 'offset_from_start': 0, 'operating': True}, {'start_time': '19:54:20', 'end_time': '21:00:00', 'offset_from_start': 0, 'operating': True}, {'start_time': '21:00:00', 'end_time': '23:59:59', 'offset_from_start': 0, 'operating': False}]",6.095954844778927,199.05042423139764,32400.0,243.8381937911571,8290.498588899376,23865.663217309513,10114110
10114110_13,"[{'start_time': '00:00:00', 'end_time': '06:00:00', 'offset_from_start': 0, 'operating': False}, {'start_time': '06:00:00', 'end_time': '06:23:35', 'offset_from_start': 3900, 'operating': True}, {'start_time': '06:23:35', 'end_time': '07:52:10', 'offset_from_start': 0, 'operating': True}, {'start_time': '07:52:10', 'end_time': '09:00:00', 'offset_from_start': 0, 'operating': True}, {'start_time': '09:00:00', 'end_time': '15:00:00', 'offset_from_start': 0, 'operating': False}, {'start_time': '15:00:00', 'end_time': '15:23:35', 'offset_from_start': 3900, 'operating': True}, {'start_time': '15:23:35', 'end_time': '16:52:10', 'offset_from_start': 0, 'operating': True}, {'start_time': '16:52:10', 'end_time': '18:20:45', 'offset_from_start': 0, 'operating': True}, {'start_time': '18:20:45', 'end_time': '19:49:20', 'offset_from_start': 0, 'operating': True}, {'start_time': '19:49:20', 'end_time': '21:00:00', 'offset_from_start': 0, 'operating': True}, {'start_time': '21:00:00', 'end_time': '23:59:59', 'offset_from_start': 0, 'operating': False}]",6.0959548447789285,199.05042423139764,32400.0,243.8381937911571,8290.498588899323,23865.663217309506,10114110
10114110_14,"[{'start_time': '00:00:00', 'end_time': '06:00:00', 'offset_from_start': 0, 'operating': False}, {'start_time': '06:00:00', 'end_time': '06:18:35', 'offset_from_start': 4200, 'operating': True}, {'start_time': '06:18:35', 'end_time': '07:47:10', 'offset_from_start': 0, 'operating': True}, {'start_time': '07:47:10', 'end_time': '09:00:00', 'offset_from_start': 0, 'operating': True}, {'start_time': '09:00:00', 'end_time': '15:00:00', 'offset_from_start': 0, 'operating': False}, {'start_time': '15:00:00', 'end_time': '15:18:35', 'offset_from_start': 4200, 'operating': True}, {'start_time': '15:18:35', 'end_time': '16:47:10', 'offset_from_start': 0, 'operating': True}, {'start_time': '16:47:10', 'end_time': '18:15:45', 'offset_from_start': 0, 'operating': True}, {'start_time': '18:15:45', 'end_time': '19:44:20', 'offset_from_start': 0, 'operating': True}, {'start_time': '19:44:20', 'end_time': '21:00:00', 'offset_from_start': 0, 'operating': True}, {'start_time': '21:00:00', 'end_time': '23:59:59', 'offset_from_start': 0, 'operating': False}]",6.095954844778928,199.05042423139764,32400.0,243.83819379115712,8290.498588899349,23865.663217309506,10114110
10114110_15,"[{'start_time': '00:00:00', 'end_time': '06:00:00', 'offset_from_start': 0, 'operating': False}, {'start_time': '06:00:00', 'end_time': '06:13:35', 'offset_from_start': 4500, 'operating': True}, {'start_time': '06:13:35', 'end_time': '07:42:10', 'offset_from_start': 0, 'operating': True}, {'start_time': '07:42:10', 'end_time': '09:00:00', 'offset_from_start': 0, 'operating': True}, {'start_time': '09:00:00', 'end_time': '15:00:00', 'offset_from_start': 0, 'operating': False}, {'start_time': '15:00:00', 'end_time': '15:13:35', 'offset_from_start': 4500, 'operating': True}, {'start_time': '15:13:35', 'end_time': '16:42:10', 'offset_from_start': 0, 'operating': True}, {'start_time': '16:42:10', 'end_time': '18:10:45', 'offset_from_start': 0, 'operating': True}, {'start_time': '18:10:45', 'end_time': '19:39:20', 'offset_from_start': 0, 'operating': True}, {'start_time': '19:39:20', 'end_time': '21:00:00', 'offset_from_start': 0, 'operating': True}, {'start_time': '21:00:00', 'end_time': '23:59:59', 'offset_from_start': 0, 'operating': False}]",6.095954844778928,199.05042423139764,32400.0,243.83819379115712,8290.49858889933,23865.663217309517,10114110
10114110_16,"[{'start_time': '00:00:00', 'end_time': '06:00:00', 'offset_from_start': 0, 'operating': False}, {'start_time': '06:00:00', 'end_time': '06:08:35', 'offset_from_start': 4800, 'operating': True}, {'start_time': '06:08:35', 'end_time': '07:37:10', 'offset_from_start': 0, 'operating': True}, {'start_time': '07:37:10', 'end_time': '09:00:00', 'offset_from_start': 0, 'operating': True}, {'start_time': '09:00:00', 'end_time': '15:00:00', 'offset_from_start': 0, 'operating': False}, {'start_time': '15:00:00', 'end_time': '15:08:35', 'offset_from_start': 4800, 'operating': True}, {'start_time': '15:08:35', 'end_time': '16:37:10', 'offset_from_start': 0, 'operating': True}, {'start_time': '16:37:10', 'end_time': '18:05:45', 'offset_from_start': 0, 'operating': True}, {'start_time': '18:05:45', 'end_time': '19:34:20', 'offset_from_start': 0, 'operating': True}, {'start_time': '19:34:20', 'end_time': '21:00:00', 'offset_from_start': 0, 'operating': True}, {'start_time': '21:00:00', 'end_time': '23:59:59', 'offset_from_start': 0, 'operating': False}]",6.095954844778927,199.05042423139764,32400.0,243.83819379115707,8290.498588899356,23865.66321730949,10114110
10114110_17,"[{'start_time': '00:00:00', 'end_time': '06:00:00', 'offset_from_start': 0, 'operating': False}, {'start_time': '06:00:00', 'end_time': '06:03:35', 'offset_from_start': 5100, 'operating': True}, {'start_time': '06:03:35', 'end_time': '07:32:10', 'offset_from_start': 0, 'operating': True}, {'start_time': '07:32:10', 'end_time': '09:00:00', 'offset_from_start': 0, 'operating': True}, {'start_time': '09:00:00', 'end_time': '15:00:00', 'offset_from_start': 0, 'operating': False}, {'start_time': '15:00:00', 'end_time': '15:03:35', 'offset_from_start': 5100, 'operating': True}, {'start_time': '15:03:35', 'end_time': '16:32:10', 'offset_from_start': 0, 'operating': True}, {'start_time': '16:32:10', 'end_time': '18:00:45', 'offset_from_start': 0, 'operating': True}, {'start_time': '18:00:45', 'end_time': '19:29:20', 'offset_from_start': 0, 'operating': True}, {'start_time': '19:29:20', 'end_time': '20:57:55', 'offset_from_start': 0, 'operating': True}, {'start_time': '20:57:55', 'end_time': '21:00:00', 'offset_from_start': 0, 'operating': True}, {'start_time': '21:00:00', 'end_time': '23:59:59', 'offset_from_start': 0, 'operating': False}]",6.095954844778928,199.0504242313976,32400.0,243.8381937911571,8290.498588899327,23865.66321730949,10114110
