status,distance,duration,distance_from_start,duration_from_start,location,stop_id,trip_id
at_terminal,0.0,20.0,0.0,0.0,POINT (36.82365865 -1.274190277),0110IRT,10114111
travelling,0.09915445772225691,23.0,0.09915445772225691,43.0,"LINESTRING (36.8234413862 -1.27403318882, 36.8233662844 -1.27404928207, 36.8233019114 -1.27401709557, 36.8231463432 -1.27366304398, 36.8229746819 -1.27335190773, 36.8229725674987 -1.2733484362111267)",,10114111
at_stop,0.0,20.0,0.09915445772225691,43.0,POINT (36.82297 -1.27335),0101JHS,10114111
travelling,0.43156004316121704,56.0,0.5307145008834739,119.0,"LINESTRING (36.8229725674987 -1.2733484362111267, 36.821918 -1.271617, 36.82172 -1.271405, 36.8206787109 -1.27064824104, 36.820499 -1.270434, 36.82049730979417 -1.270426233101788)",,10114111
at_stop,0.0,20.0,0.5307145008834739,119.0,POINT (36.82048 -1.27043),0101STP,10114111
travelling,0.09241467836332244,20.0,0.6231291792467963,159.0,"LINESTRING (36.82049730979417 -1.270426233101788, 36.820415 -1.270048, 36.82041049 -1.26961290836, 36.82040977044306 -1.2695994765851677)",,10114111
at_stop,0.0,20.0,0.6231291792467963,159.0,POINT (36.8204 -1.2696),0111SPS,10114111
travelling,0.2138946477275681,32.0,0.8370238269743644,211.0,"LINESTRING (36.82040977044306 -1.2695994765851677, 36.8203943968 -1.26931250095, 36.820448041 -1.26901745796, 36.820652 -1.268569, 36.820915 -1.268265, 36.82126480195756 -1.2679835398130672)",,10114111
at_stop,0.0,20.0,0.8370238269743644,211.0,POINT (36.82127 -1.26799),0101WBR,10114111
travelling,0.3007022526588874,42.0,1.1377260796332518,273.0,"LINESTRING (36.82126480195756 -1.2679835398130672, 36.821304 -1.267952, 36.822456 -1.267272, 36.822777 -1.267008, 36.823093 -1.266643, 36.82332387616399 -1.266289051240985)",,10114111
at_stop,0.0,20.0,1.1377260796332518,273.0,POINT (36.82331 -1.26628),0101AGA,10114111
travelling,0.20919804096039837,32.0,1.3469241205936502,325.0,"LINESTRING (36.82332387616399 -1.266289051240985, 36.8233287334 -1.26628160477, 36.824097 -1.265158, 36.82432471134274 -1.264692303703483)",,10114111
at_stop,0.0,20.0,1.3469241205936502,325.0,POINT (36.82432 -1.26469),0111OLB,10114111
travelling,0.39259312006077757,52.0,1.7395172406544277,397.0,"LINESTRING (36.82432471134274 -1.264692303703483, 36.8243318796 -1.26467764378, 36.8257641792 -1.26148581505, 36.8257762358645 -1.261456362344081)",,10114111
at_stop,0.0,20.0,1.7395172406544277,397.0,POINT (36.82573199 -1.26143825),0111TNN,10114111
travelling,0.10651760772115611,21.0,1.8460348483755837,438.0,"LINESTRING (36.8257762358645 -1.261456362344081, 36.8261396885 -1.26056849957, 36.82614098079414 -1.2605657543180142)",,10114111
at_stop,0.0,20.0,1.8460348483755837,438.0,POINT (36.82615 -1.26057),0101CPK,10114111
travelling,0.33979824798295677,45.0,2.1858330963585404,503.0,"LINESTRING (36.82614098079414 -1.2605657543180142, 36.8271321058 -1.25846028328, 36.827121377 -1.25817596912, 36.8269228935 -1.25777900219, 36.82691578303868 -1.2577666665606158)",,10114111
at_stop,0.0,20.0,2.1858330963585404,503.0,POINT (36.82691 -1.25777),0111RHK,10114111
travelling,0.17848302421423407,29.0,2.3643161205727745,552.0,"LINESTRING (36.82691578303868 -1.2577666665606158, 36.826275 -1.256655, 36.826109405791996 -1.2563714204872574)",,10114111
at_stop,0.0,20.0,2.3643161205727745,552.0,POINT (36.82609141 -1.256381929),0111MAO,10114111
travelling,1.5639441868554511,109.0,3.928260307428226,681.0,"LINESTRING (36.826109405791996 -1.2563714204872574, 36.826107502 -1.25636816025, 36.8259680271 -1.25592827797, 36.825718 -1.255609, 36.825523 -1.255465, 36.824978 -1.25514, 36.823956 -1.254867, 36.823166 -1.254466, 36.821648 -1.253378, 36.820538 -1.252678, 36.820084 -1.252279, 36.819695 -1.252051, 36.819378 -1.251991, 36.818527 -1.252087, 36.817993 -1.252084, 36.817684 -1.252007, 36.817455 -1.251802, 36.817455 -1.251569, 36.817589 -1.251438, 36.817924 -1.251352, 36.8195414543 -1.25054776669, 36.8201905489 -1.25032782555, 36.8206304312 -1.25023663044, 36.82073240530297 -1.2502264330297033)",,10114111
at_stop,0.0,20.0,3.928260307428226,681.0,POINT (36.82072967 -1.25019908),0111MRE,10114111
travelling,0.8244775905620965,83.0,4.752737897990322,784.0,"LINESTRING (36.82073240530297 -1.2502264330297033, 36.8209522963 -1.25020444393, 36.8212097883 -1.25010788441, 36.8212473392 -1.2500166893, 36.8211936951 -1.24983966351, 36.8211078644 -1.24967336655, 36.8206840754 -1.24944806099, 36.8197023869 -1.24913156033, 36.818714 -1.248972, 36.818012 -1.248755, 36.817013 -1.248585, 36.816704 -1.248486, 36.81649 -1.248356, 36.816116 -1.247946, 36.81569163274704 -1.2469701516593121)",,10114111
at_stop,0.0,20.0,4.752737897990322,784.0,POINT (36.8156 -1.24701),0111BEK,10114111
travelling,1.1295389782148264,127.0,5.8822768762051485,931.0,"LINESTRING (36.81569163274704 -1.2469701516593121, 36.8156844378 -1.24695360661, 36.814831 -1.244821, 36.814724 -1.244626, 36.814182 -1.244025, 36.813988 -1.24374, 36.813496 -1.241318, 36.81337 -1.240972, 36.813179 -1.240657, 36.812145 -1.239751, 36.81061517672372 -1.238589665102359)",,10114111
at_stop,0.0,20.0,5.8822768762051485,931.0,POINT (36.81054533 -1.238681674),0111TUN,10114111
travelling,0.9128279475299852,109.0,6.795104823735134,1060.0,"LINESTRING (36.81061517672372 -1.238589665102359, 36.810566783 -1.23855292797, 36.809257865 -1.23765170574, 36.808899 -1.23747, 36.804386 -1.235138, 36.803909 -1.234813, 36.803574 -1.234433)",,10114111
at_stop,0.0,20.0,6.795104823735134,1060.0,POINT (36.80346429 -1.234529614),0111RHR,10114111
travelling,0.6640543277953359,80.0,7.45915915153047,1160.0,"LINESTRING (36.803574 -1.234433, 36.8034267426 -1.23417019844, 36.803158 -1.233347, 36.803062 -1.232625, 36.803192 -1.232062, 36.804134 -1.2294, 36.804399387320366 -1.2287475481733876)",,10114111
at_stop,0.0,20.0,7.45915915153047,1160.0,POINT (36.80443 -1.22876),0111VMA,10114111
travelling,1.0593863777755799,112.0,8.51854552930605,1292.0,"LINESTRING (36.804399387320366 -1.2287475481733876, 36.8044084311 -1.22872531414, 36.804886 -1.227575, 36.805012 -1.226988, 36.804993 -1.226454, 36.80431 -1.224511, 36.803993 -1.224019, 36.803871 -1.223889, 36.8028527498 -1.22328042984, 36.80238 -1.223004, 36.801968 -1.222715, 36.801661849 -1.22245967388, 36.8014204502 -1.22195541859, 36.8013238907 -1.22147798538, 36.8013775349 -1.22083961964, 36.80138159348049 -1.2208268783204463)",,10114111
at_stop,0.0,20.0,8.51854552930605,1292.0,POINT (36.80136 -1.22082),0111KRU,10114111
travelling,0.2544665392021386,37.0,8.773012068508187,1349.0,"LINESTRING (36.80138159348049 -1.2208268783204463, 36.801781 -1.219573, 36.8018 -1.219204, 36.801711479443185 -1.2185954211718995)",,10114111
at_stop,0.0,20.0,8.773012068508187,1349.0,POINT (36.80168 -1.2186),0101REE,10114111
travelling,0.21284241760773828,32.0,8.985854486115926,1401.0,"LINESTRING (36.801711479443185 -1.2185954211718995, 36.801704 -1.218544, 36.80151 -1.218146, 36.801132 -1.217642, 36.800522178198754 -1.217131869578787)",,10114111
at_stop,0.0,20.0,8.985854486115926,1401.0,POINT (36.80042267 -1.217250824),0101ROR,10114111
travelling,0.15204377187030269,26.0,9.137898257986228,1447.0,"LINESTRING (36.800522178198754 -1.217131869578787, 36.8004655838 -1.21708452702, 36.79935313223741 -1.2164221126915966)",,10114111
at_stop,0.0,20.0,9.137898257986228,1447.0,POINT (36.79930687 -1.216499805),0101ROK,10114111
travelling,0.5469507982154858,69.0,9.684849056201713,1536.0,"LINESTRING (36.79935313223741 -1.2164221126915966, 36.7992854118 -1.21638178825, 36.798557 -1.215959, 36.798088 -1.215749, 36.797009 -1.215486, 36.7966890335 -1.21538937092, 36.79485716357181 -1.2144919241218906)",,10114111
at_stop,0.0,20.0,9.684849056201713,1536.0,POINT (36.79482222 -1.214563251),0111ROT,10114111
travelling,0.6345787591744052,79.0,10.319427815376118,1635.0,"LINESTRING (36.79485716357181 -1.2144919241218906, 36.794792 -1.21446, 36.793513298 -1.21373713017, 36.791645 -1.212335, 36.790269602849186 -1.211116583132971)",,10114111
at_stop,0.0,20.0,10.319427815376118,1635.0,POINT (36.79024 -1.21115),0101SHR,10114111
travelling,0.3144847224048425,44.0,10.63391253778096,1699.0,"LINESTRING (36.790269602849186 -1.211116583132971, 36.7902302742 -1.21108174324, 36.78821082136753 -1.2091685774451142)",,10114111
at_stop,0.0,20.0,10.63391253778096,1699.0,POINT (36.7882 -1.20918),0101DPB,10114111
travelling,0.3445714338309446,47.0,10.978483971611904,1766.0,"LINESTRING (36.78821082136753 -1.2091685774451142, 36.7881917953 -1.20915055275, 36.7873710394 -1.20828151703, 36.786411 -1.207459, 36.7858803833025 -1.2071403658370385)",,10114111
at_stop,0.0,20.0,10.978483971611904,1766.0,POINT (36.785877 -1.207146),0111RST,10114111
travelling,0.23468160018791323,35.0,11.213165571799818,1821.0,"LINESTRING (36.7858803833025 -1.2071403658370385, 36.7858690023 -1.20713353157, 36.784882 -1.206833, 36.7838519812 -1.20669364929, 36.7838271806346 -1.2066910658981322)",,10114111
at_stop,0.0,20.0,11.213165571799818,1821.0,POINT (36.78382 -1.20676),0101RCK,10114111
travelling,0.057264573419370156,16.0,11.270430145219189,1857.0,"LINESTRING (36.7838271806346 -1.2066910658981322, 36.7835944891 -1.2066668272, 36.7834335566 -1.20666146278, 36.78331525653999 -1.2066439368485111)",,10114111
at_stop,0.0,20.0,11.270430145219189,1857.0,POINT (36.78331017 -1.206678271),0111ICT,10114111
travelling,0.1792664090746692,29.0,11.449696554293858,1906.0,"LINESTRING (36.78331525653999 -1.2066439368485111, 36.7832887173 -1.20664000511, 36.782509 -1.206592, 36.78171816586437 -1.2064534049445688)",,10114111
at_stop,0.0,20.0,11.449696554293858,1906.0,POINT (36.78171 -1.2065),0101RDC,10114111
travelling,0.1328909802734805,24.0,11.582587534567338,1950.0,"LINESTRING (36.78171816586437 -1.2064534049445688, 36.7817115784 -1.20645225048, 36.781204 -1.206326, 36.78056016511256 -1.2061604638887808)",,10114111
at_stop,0.0,20.0,11.582587534567338,1950.0,POINT (36.78055 -1.2062),0101RCC,10114111
travelling,0.14241150907172206,25.0,11.72499904363906,1995.0,"LINESTRING (36.78056016511256 -1.2061604638887808, 36.7805474997 -1.20615720749, 36.7793565989 -1.20577633381, 36.779340690760606 -1.2057704779429252)",,10114111
at_stop,0.0,20.0,11.72499904363906,1995.0,POINT (36.77934051 -1.205770969),0111BPY,10114111
travelling,0.21012744426362623,32.0,11.935126487902687,2047.0,"LINESTRING (36.779340690760606 -1.2057704779429252, 36.778049 -1.205295, 36.777543284026 -1.2052103748198482)",,10114111
at_stop,0.0,20.0,11.935126487902687,2047.0,POINT (36.77754 -1.20523),0101SLT,10114111
travelling,0.10843291442609145,21.0,12.043559402328778,2088.0,"LINESTRING (36.777543284026 -1.2052103748198482, 36.7775273323 -1.2052077055, 36.77661425524805 -1.2049155208495659)",,10114111
at_stop,0.0,20.0,12.043559402328778,2088.0,POINT (36.77661002 -1.204928756),0111LON,10114111
travelling,0.141193432057048,25.0,12.184752834385826,2133.0,"LINESTRING (36.77661425524805 -1.2049155208495659, 36.7760521173 -1.20473563671, 36.7754083872 -1.20454788208, 36.77540010169331 -1.2045457039313334)",,10114111
at_stop,0.0,20.0,12.184752834385826,2133.0,POINT (36.77539229 -1.204575419),0111RNI,10114111
travelling,0.11591229665560601,22.0,12.300665131041432,2175.0,"LINESTRING (36.77540010169331 -1.2045457039313334, 36.77439241916163 -1.2042807976988794)",,10114111
at_stop,0.0,20.0,12.300665131041432,2175.0,POINT (36.77439 -1.20429),0101PMR,10114111
travelling,0.15749797297014,27.0,12.458163104011572,2222.0,"LINESTRING (36.77439241916163 -1.2042807976988794, 36.7743676901 -1.20427429676, 36.77303032782812 -1.2038944858727907)",,10114111
at_stop,0.0,20.0,12.458163104011572,2222.0,POINT (36.77303195 -1.203888774),0111MIF,10114111
travelling,0.09712387278428986,20.0,12.55528697679586,2262.0,"LINESTRING (36.77303032782812 -1.2038944858727907, 36.7730265856 -1.20389342308, 36.77219442842627 -1.203642205835101)",,10114111
at_stop,0.0,20.0,12.55528697679586,2262.0,POINT (36.77218 -1.20369),0101PMV,10114111
travelling,0.1032208865925306,21.0,12.658507863388392,2303.0,"LINESTRING (36.77219442842627 -1.203642205835101, 36.7721736431 -1.20363593102, 36.7713099718 -1.20337307453, 36.77130659120705 -1.2033723303743522)",,10114111
at_stop,0.0,20.0,12.658507863388392,2303.0,POINT (36.77130997 -1.203356981),0101IGA,10114111
travelling,0.09563458292299336,20.0,12.754142446311386,2343.0,"LINESTRING (36.77130659120705 -1.2033723303743522, 36.77046714387842 -1.203187546379428)",,10114111
at_stop,0.0,20.0,12.754142446311386,2343.0,POINT (36.77046 -1.20322),0111MCM,10114111
travelling,0.2728326902788831,39.0,13.02697513659027,2402.0,"LINESTRING (36.77046714387842 -1.203187546379428, 36.7704570293 -1.2031853199, 36.7681235075 -1.20256304741, 36.76809748956875 -1.202555603390778)",,10114111
at_stop,0.0,20.0,13.02697513659027,2402.0,POINT (36.76809669 -1.202558398),0111A26,10114111
travelling,0.21932467888705462,33.0,13.246299815477325,2455.0,"LINESTRING (36.76809748956875 -1.202555603390778, 36.76620192778719 -1.2020132621030046)",,10114111
at_stop,0.0,20.0,13.246299815477325,2455.0,POINT (36.7662 -1.20202),0101KTO,10114111
travelling,0.40870597132952,54.0,13.655005786806845,2529.0,"LINESTRING (36.76620192778719 -1.2020132621030046, 36.766192317 -1.20201051235, 36.76267445445883 -1.200985581237303)",,10114111
at_stop,0.0,20.0,13.655005786806845,2529.0,POINT (36.76265985 -1.201035708),0111IME,10114111
travelling,0.2416176460942318,36.0,13.896623432901077,2585.0,"LINESTRING (36.76267445445883 -1.200985581237303, 36.7626571655 -1.20098054409, 36.7606025934 -1.20041191578, 36.760581441127904 -1.2004053542587774)",,10114111
at_stop,0.0,20.0,13.896623432901077,2585.0,POINT (36.76058 -1.20041),0101GRJ,10114111
travelling,0.3062545972164537,43.0,14.20287803011753,2648.0,"LINESTRING (36.760581441127904 -1.2004053542587774, 36.7579740286 -1.19959652424, 36.75795358312038 -1.1995852867914114)",,10114111
at_stop,0.0,20.0,14.20287803011753,2648.0,POINT (36.75794 -1.19961),0101RMY,10114111
travelling,0.22504224516171983,34.0,14.42792027527925,2702.0,"LINESTRING (36.75795358312038 -1.1995852867914114, 36.756916 -1.199015, 36.7562037706 -1.19859874249, 36.756190704071884 -1.198589050760254)",,10114111
at_stop,0.0,20.0,14.42792027527925,2702.0,POINT (36.75619 -1.19859),0111AMB,10114111
travelling,0.10862287054303081,21.0,14.53654314582228,2743.0,"LINESTRING (36.756190704071884 -1.198589050760254, 36.75540500850818 -1.1980062831729934)",,10114111
at_stop,0.0,20.0,14.53654314582228,2743.0,POINT (36.75538 -1.19804),0101AME,10114111
travelling,0.3342313135024327,46.0,14.870774459324712,2809.0,"LINESTRING (36.75540500850818 -1.1980062831729934, 36.7553937435 -1.19799792767, 36.7546722844 -1.19746961032, 36.752949418612396 -1.1962665123165244)",,10114111
at_stop,0.0,20.0,14.870774459324712,2809.0,POINT (36.75294 -1.19628),0101CHC,10114111
travelling,0.050884652925669065,15.0,14.921659112250381,2844.0,"LINESTRING (36.752949418612396 -1.1962665123165244, 36.7529475689 -1.19626522064, 36.75259039822507 -1.1959815850873203)",,10114111
at_stop,0.0,20.0,14.921659112250381,2844.0,POINT (36.75258547 -1.195987791),0111LIS,10114111
travelling,0.11342313343043878,22.0,15.03508224568082,2886.0,"LINESTRING (36.75259039822507 -1.1959815850873203, 36.7525827885 -1.19597554207, 36.75177025745985 -1.1953726964668214)",,10114111
at_stop,0.0,20.0,15.03508224568082,2886.0,POINT (36.75175 -1.1954),0101FRK,10114111
travelling,0.29215285252698137,41.0,15.327235098207803,2947.0,"LINESTRING (36.75177025745985 -1.1953726964668214, 36.7517513037 -1.195358634, 36.74963263709898 -1.1938391862691837)",,10114111
at_stop,0.0,20.0,15.327235098207803,2947.0,POINT (36.74959213 -1.193895668),0111HDE,10114111
travelling,0.11184479682822447,22.0,15.439079895036027,2989.0,"LINESTRING (36.74963263709898 -1.1938391862691837, 36.7496269941 -1.19383513927, 36.749407053 -1.19368493557, 36.74875773494059 -1.1933443097068328)",,10114111
at_stop,0.0,20.0,15.439079895036027,2989.0,POINT (36.74874991 -1.193359226),0111OJC,10114111
travelling,0.0892268271336592,19.0,15.528306722169686,3028.0,"LINESTRING (36.74875773494059 -1.1933443097068328, 36.748752594 -1.19334161282, 36.7484039068 -1.19316995144, 36.7480444908 -1.19301974773, 36.74802734066371 -1.193012538118438)",,10114111
at_stop,0.0,20.0,15.528306722169686,3028.0,POINT (36.74802 -1.19303),0111NDS,10114111
travelling,0.1716096772750102,28.0,15.699916399444696,3076.0,"LINESTRING (36.74802734066371 -1.193012538118438, 36.74736 -1.192732, 36.7465800047 -1.19255840778, 36.746560264098726 -1.1925560003896538)",,10114111
at_stop,0.0,20.0,15.699916399444696,3076.0,POINT (36.74655586 -1.192592114),0111UKG,10114111
travelling,0.17030941900760618,28.0,15.870225818452303,3124.0,"LINESTRING (36.746560264098726 -1.1925560003896538, 36.74504112926243 -1.1923707400478556)",,10114111
at_stop,0.0,20.0,15.870225818452303,3124.0,POINT (36.74504 -1.19238),0101REN,10114111
travelling,0.16539460269568032,28.0,16.035620421147982,3172.0,"LINESTRING (36.74504112926243 -1.1923707400478556, 36.7450404167 -1.19237065315, 36.74356678428218 -1.1921830999268295)",,10114111
at_stop,0.0,20.0,16.035620421147982,3172.0,POINT (36.74356252 -1.192216605),0111EED,10114111
travelling,0.5484746637994801,69.0,16.584095084947464,3261.0,"LINESTRING (36.74356678428218 -1.1921830999268295, 36.7435652018 -1.19218289852, 36.7425781488 -1.19204342365, 36.741695 -1.191768, 36.740833 -1.191378, 36.740093 -1.190981, 36.739475 -1.190549, 36.7390738469176 -1.1903041809145913)",,10114111
at_stop,0.0,20.0,16.584095084947464,3261.0,POINT (36.73904836 -1.190345943),0111ENP,10114111
travelling,0.22208148637783728,34.0,16.806176571325302,3315.0,"LINESTRING (36.7390738469176 -1.1903041809145913, 36.7390054464 -1.19026243687, 36.73753224631624 -1.1890303058391074)",,10114111
at_stop,0.0,20.0,16.806176571325302,3315.0,POINT (36.7375356 -1.189026296),0111CEP,10114111
travelling,0.3681965099078373,50.0,17.17437308123314,3385.0,"LINESTRING (36.73753224631624 -1.1890303058391074, 36.7375302315 -1.18902862072, 36.7350465059 -1.18683993816, 36.735043073693966 -1.1868369516949842)",,10114111
at_stop,0.0,20.0,17.17437308123314,3385.0,POINT (36.73504382 -1.186836094),0111TVI,10114111
travelling,0.36492500962616076,49.0,17.5392980908593,3454.0,"LINESTRING (36.735043073693966 -1.1868369516949842, 36.7325681448 -1.18468344212, 36.73256206975914 -1.184679307008141)",,10114111
at_stop,0.0,20.0,17.5392980908593,3454.0,POINT (36.73256814 -1.184670389),0111ARD,10114111
travelling,0.17137539225381698,28.0,17.71067348311312,3502.0,"LINESTRING (36.73256206975914 -1.184679307008141, 36.7312914133 -1.18381440639, 36.731286484051495 -1.1838111753007012)",,10114111
at_stop,0.0,20.0,17.71067348311312,3502.0,POINT (36.73128337 -1.183815926),0111NOI,10114111
travelling,0.3814766616709501,51.0,18.092150144784068,3573.0,"LINESTRING (36.731286484051495 -1.1838111753007012, 36.7305946782 -1.18335770121, 36.7284214497 -1.18192613125, 36.728417416230265 -1.1819236334592362)",,10114111
at_stop,0.0,20.0,18.092150144784068,3573.0,POINT (36.72843486 -1.181895465),0111AXM,10114111
travelling,0.15591574951394951,27.0,18.248065894298016,3620.0,"LINESTRING (36.728417416230265 -1.1819236334592362, 36.7272520065 -1.18120193481, 36.72722485943182 -1.181183784154028)",,10114111
at_stop,0.0,20.0,18.248065894298016,3620.0,POINT (36.727208 -1.181209),0111KAU,10114111
travelling,0.11971945078267973,23.0,18.367785345080694,3663.0,"LINESTRING (36.72722485943182 -1.181183784154028, 36.7263293266 -1.18058502674, 36.72632883645157 -1.1805847207874633)",,10114111
at_stop,0.0,20.0,18.367785345080694,3663.0,POINT (36.7263186 -1.18060112),0101IAI,10114111
travelling,0.11026269752844421,22.0,18.47804804260914,3705.0,"LINESTRING (36.72632883645157 -1.1805847207874633, 36.725487113 -1.18005931377, 36.7254868898553 -1.1800591627754176)",,10114111
at_stop,0.0,20.0,18.47804804260914,3705.0,POINT (36.725487 -1.180059),0101MCY,10114111
travelling,0.21328273197510358,33.0,18.69133077458424,3758.0,"LINESTRING (36.7254868898553 -1.1800591627754176, 36.723896519461235 -1.1789830121361706)",,10114111
at_stop,0.0,20.0,18.69133077458424,3758.0,POINT (36.72388852 -1.178994834),0111USA,10114111
travelling,0.17474298646347536,29.0,18.866073761047716,3807.0,"LINESTRING (36.723896519461235 -1.1789830121361706, 36.7238777876 -1.17897033691, 36.72256223252573 -1.178150112324211)",,10114111
at_stop,0.0,20.0,18.866073761047716,3807.0,POINT (36.72254205 -1.178182483),0111ISE,10114111
travelling,0.4803911183656183,62.0,19.346464879413332,3889.0,"LINESTRING (36.72256223252573 -1.178150112324211, 36.7225527763 -1.17814421654, 36.721081 -1.177324, 36.720413 -1.177061, 36.7194953713 -1.17680330998, 36.7191034555 -1.17669582367, 36.7185777426 -1.17654561996, 36.71857750820862 -1.1765455503825921)",,10114111
at_stop,0.0,20.0,19.346464879413332,3889.0,POINT (36.718575 -1.176554),0111FRM,10114111
travelling,0.8438609282425139,100.0,20.190325807655846,4009.0,"LINESTRING (36.71857750820862 -1.1765455503825921, 36.716423 -1.175906, 36.714985 -1.175241, 36.714104 -1.174683, 36.713455 -1.174175, 36.712062364904234 -1.1728884775167234)",,10114111
at_stop,0.0,20.0,20.190325807655846,4009.0,POINT (36.71205729 -1.172893971),0111IAC,10114111
travelling,0.46008966058908474,59.0,20.65041546824493,4088.0,"LINESTRING (36.712062364904234 -1.1728884775167234, 36.7120492458 -1.17287635803, 36.711212 -1.172109, 36.710175 -1.171392, 36.709435 -1.171061, 36.7085891962 -1.17080569267, 36.70855744431506 -1.1707971691739312)",,10114111
at_stop,0.0,20.0,20.65041546824493,4088.0,POINT (36.708554 -1.17081),0101RED,10114111
travelling,0.38055416810848774,51.0,21.03096963635342,4159.0,"LINESTRING (36.70855744431506 -1.1707971691739312, 36.70789 -1.170618, 36.7051666975 -1.17045164108, 36.70516650025486 -1.1704516265719338)",,10114111
at_stop,0.0,20.0,21.03096963635342,4159.0,POINT (36.70516402 -1.170485347),0111AMK,10114111
travelling,0.43865503577621634,57.0,21.469624672129633,4236.0,"LINESTRING (36.70516650025486 -1.1704516265719338, 36.70388 -1.170357, 36.702591 -1.170246, 36.701721 -1.170101, 36.70127213 -1.16995811462, 36.701267340255164 -1.1699564952300996)",,10114111
at_stop,0.0,20.0,21.469624672129633,4236.0,POINT (36.70123726 -1.170045465),0111EDH,10114111
travelling,0.12985142274720535,24.0,21.599476094876838,4280.0,"LINESTRING (36.701267340255164 -1.1699564952300996, 36.70016135111566 -1.1695825655733225)",,10114111
at_stop,0.0,20.0,21.599476094876838,4280.0,POINT (36.70015901 -1.16958949),0111GIE,10114111
travelling,0.19635164122186374,31.0,21.7958277360987,4331.0,"LINESTRING (36.70016135111566 -1.1695825655733225, 36.7001456022 -1.16957724094, 36.6984866029391 -1.169024241183063)",,10114111
at_stop,0.0,20.0,21.7958277360987,4331.0,POINT (36.69846654 -1.16908443),0111WRB,10114111
travelling,0.22877352351181135,35.0,22.024601259610513,4386.0,"LINESTRING (36.6984866029391 -1.169024241183063, 36.6984719038 -1.16901934147, 36.696568 -1.168372, 36.69654181871612 -1.16835634994033)",,10114111
at_stop,0.0,20.0,22.024601259610513,4386.0,POINT (36.69651657 -1.168398589),0111AKA,10114111
travelling,0.3882887875158094,52.0,22.41289004712632,4458.0,"LINESTRING (36.69654181871612 -1.16835634994033, 36.695141 -1.167519, 36.6936653852 -1.16642296314, 36.69364469498692 -1.1664077123684145)",,10114111
at_stop,0.0,20.0,22.41289004712632,4458.0,POINT (36.69361711 -1.166445136),0111HRT,10114111
travelling,0.2944827280275125,42.0,22.707372775153836,4520.0,"LINESTRING (36.69364469498692 -1.1664077123684145, 36.69150997483458 -1.1648342085421044)",,10114111
at_stop,0.0,20.0,22.707372775153836,4520.0,POINT (36.69146866 -1.164890259),0111RRY,10114111
travelling,2.1269067368617303,237.0,24.834279512015566,4777.0,"LINESTRING (36.69150997483458 -1.1648342085421044, 36.6914820671 -1.16481363773, 36.69016725 -1.1637395, 36.6870365 -1.161329, 36.680775 -1.156508, 36.679485 -1.155571, 36.678364 -1.155029, 36.677151 -1.15473, 36.6765904427 -1.15466415882, 36.6756945848 -1.15469634533, 36.67568154765356 -1.154697127558835)",,10114111
at_stop,0.0,20.0,24.834279512015566,4777.0,POINT (36.675681 -1.154688),0101BLU,10114111
travelling,0.07902618895993883,18.0,24.913305700975506,4815.0,"LINESTRING (36.67568154765356 -1.154697127558835, 36.675158143 -1.15472853184, 36.6749757528 -1.15474462509, 36.674973131635 -1.1547447505336728)",,10114111
at_stop,0.0,20.0,24.913305700975506,4815.0,POINT (36.674973 -1.154742),0111BUK,10114111
travelling,1.31521372602266,142.0,26.228519426998165,4977.0,"LINESTRING (36.674973131635 -1.1547447505336728, 36.673756 -1.154803, 36.672955 -1.154782, 36.671597 -1.154463, 36.67067 -1.154006, 36.669743 -1.153305, 36.669067 -1.152536, 36.668732 -1.152009, 36.668133 -1.150673, 36.667767 -1.149981, 36.667225 -1.149206, 36.666889 -1.148833, 36.66620682591307 -1.148253672410046)",,10114111
at_stop,0.0,20.0,26.228519426998165,4977.0,POINT (36.666204 -1.148257),0111SPU,10114111
travelling,0.7035069723594793,86.0,26.932026399357646,5083.0,"LINESTRING (36.66620682591307 -1.148253672410046, 36.6661942005 -1.14824295044, 36.664322 -1.146538, 36.663502 -1.145878, 36.662754 -1.145138, 36.66181270818723 -1.1437362201061616)",,10114111
at_stop,0.0,20.0,26.932026399357646,5083.0,POINT (36.661749 -1.143779),0101ETA,10114111
travelling,2.7004812805828995,264.0,29.632507679940545,5367.0,"LINESTRING (36.66181270818723 -1.1437362201061616, 36.661781 -1.143689, 36.65963 -1.138691, 36.658794 -1.136879, 36.658466 -1.136313, 36.657776 -1.135479, 36.656918 -1.134838, 36.656055 -1.134271, 36.655697 -1.134119, 36.654621 -1.133853, 36.653835 -1.133771, 36.653091 -1.133773, 36.652081 -1.133964, 36.649967 -1.134698, 36.649223 -1.134848, 36.648556 -1.134881, 36.647903 -1.134831, 36.646748 -1.134566, 36.645279 -1.133949, 36.6435885429 -1.13324403763)",,10114111
at_stop,0.0,20.0,29.632507679940545,5367.0,POINT (36.643564 -1.133245),0101ION,10114111
travelling,0.9065347768876063,100.0,30.539042456828152,5487.0,"LINESTRING (36.6435885429 -1.13324403763, 36.644386 -1.131264, 36.644627 -1.130507, 36.644665 -1.130244, 36.644642 -1.129539, 36.644451 -1.128932, 36.644306 -1.128666, 36.6425049305 -1.12584650517, 36.642503046559376 -1.1258433938695374)",,10114111
at_stop,0.0,20.0,30.539042456828152,5487.0,POINT (36.642507 -1.125841),0101RIE,10114111
travelling,2.090018670451055,225.0,32.62906112727921,5732.0,"LINESTRING (36.642503046559376 -1.1258433938695374, 36.641953 -1.124935, 36.641747 -1.124311, 36.641678 -1.123724, 36.641724 -1.12312, 36.642406 -1.120931, 36.642715 -1.120545, 36.6433846951 -1.12019240856, 36.6431432962 -1.11952722073, 36.6431057453 -1.11919462681, 36.643417 -1.116267, 36.643448 -1.114946, 36.643448 -1.114946, 36.643429 -1.113731, 36.643471 -1.113146, 36.643837 -1.110281, 36.643738 -1.109996, 36.643536 -1.109804, 36.6434705257 -1.10974788666, 36.6435134411 -1.1096405983, 36.6436314583 -1.10885202885, 36.6435885429 -1.10872864723, 36.6436743736 -1.10847115517, 36.64355642990116 -1.1080369079279029)",,10114111
at_terminal,0.0,20.0,32.62906112727921,5732.0,POINT (36.643534 -1.108043),0113LMD,10114111
at_terminal,0.0,20.0,0.0,0.0,POINT (36.785845 -1.207161),0212RUS,1107D111
travelling,0.2899622856151853,41.0,0.2899622856151853,61.0,"LINESTRING (36.78585211240547 -1.207140315889919, 36.7856919765 -1.20708525181, 36.7853164673 -1.20691359043, 36.7845869064 -1.20676875114, 36.7833316326 -1.20668292046, 36.78330996748232 -1.2066795873648872)",,1107D111
at_stop,0.0,20.0,0.2899622856151853,61.0,POINT (36.78331017 -1.206678271),0111ICT,1107D111
travelling,0.8575325592430563,34.0,1.1474948448582416,115.0,"LINESTRING (36.78330996748232 -1.2066795873648872, 36.7821460962 -1.20650053024, 36.7810302973 -1.20628595352, 36.7803812027 -1.20606601238, 36.7798179388 -1.20589971542, 36.7793619633 -1.20576024055, 36.7793029547 -1.2056851387, 36.7792654037 -1.205534935, 36.7793405056 -1.20541155338, 36.779447794 -1.20530426502, 36.779871583 -1.20530426502, 36.7803704739 -1.20520234108, 36.7813682556 -1.2049716711, 36.782472234220414 -1.2046752324032506)",,1107D111
at_stop,0.0,20.0,1.1474948448582416,115.0,POINT (36.78251624 -1.204839116),0101ARC,1107D111
travelling,0.4020706233312984,52.0,1.5495654681895399,187.0,"LINESTRING (36.782472234220414 -1.2046752324032506, 36.7825269699 -1.20466053486, 36.783669591 -1.20440840721, 36.7843133211 -1.20430111885, 36.7852199078 -1.2042850256, 36.7859977484 -1.20432794094, 36.78604511223309 -1.204335879012767)",,1107D111
at_stop,0.0,20.0,1.5495654681895399,187.0,POINT (36.78601921 -1.204490429),0101AKN,1107D111
travelling,0.8035935629568696,96.0,2.3531590311464097,303.0,"LINESTRING (36.78604511223309 -1.204335879012767, 36.7869579792 -1.20448887348, 36.7877733707 -1.20465517044, 36.7884922028 -1.20492875576, 36.7890125513 -1.20518088341, 36.789581 -1.205542, 36.7907184362 -1.20610356331, 36.7917913198 -1.20650053024, 36.792794466 -1.20668292046, 36.792809556075994 -1.2066860875128285)",,1107D111
at_stop,0.0,20.0,2.3531590311464097,303.0,POINT (36.79277837 -1.20683468),0111ALA,1107D111
travelling,0.6300667609602462,77.0,2.983225792106656,400.0,"LINESTRING (36.792809556075994 -1.2066860875128285, 36.7945325375 -1.20704770088, 36.7951333523 -1.20718717575, 36.7956376076 -1.20733737946, 36.7962008715 -1.20752513409, 36.7963564396 -1.207498312, 36.7964744568 -1.20755195618, 36.7965441942 -1.20763242245, 36.7966353893 -1.20776116848, 36.7970269918 -1.20792746544, 36.7976760864 -1.20820641518, 36.7980891466 -1.20845317841, 36.79809242266683 -1.2084549523653128)",,1107D111
at_stop,0.0,20.0,2.983225792106656,400.0,POINT (36.79807305 -1.208490729),0111VWS,1107D111
travelling,0.8402429789583642,101.0,3.82346877106502,521.0,"LINESTRING (36.79809242266683 -1.2084549523653128, 36.8031316996 -1.21118366718, 36.8047517538 -1.21199369431, 36.80476867126694 -1.2120012657621468)",,1107D111
at_stop,0.0,20.0,3.82346877106502,521.0,POINT (36.804767 -1.212005),0101MIM,1107D111
travelling,1.210742838541489,141.0,5.034211609606508,682.0,"LINESTRING (36.80476867126694 -1.2120012657621468, 36.807961 -1.21343, 36.8102395535 -1.21424674988, 36.81282 -1.215015, 36.8150299788 -1.21553421021, 36.815035816008574 -1.215535250826598)",,1107D111
at_stop,0.0,20.0,5.034211609606508,682.0,POINT (36.815038 -1.215523),0101RUD,1107D111
travelling,0.769412260867761,93.0,5.8036238704742695,795.0,"LINESTRING (36.815035816008574 -1.215535250826598, 36.8169558048 -1.21587753296, 36.8191444874 -1.21619403362, 36.82188971364183 -1.2163920324002138)",,1107D111
at_stop,0.0,20.0,5.8036238704742695,795.0,POINT (36.8218857 -1.216447681),0101CEF,1107D111
travelling,0.34657149896498446,47.0,6.150195369439254,862.0,"LINESTRING (36.82188971364183 -1.2163920324002138, 36.8218964338 -1.21639251709, 36.8233931065 -1.21644616127, 36.8250024319 -1.21647834778)",,1107D111
at_stop,0.0,20.0,6.150195369439254,862.0,POINT (36.82500243 -1.216517419),0101OOO,1107D111
travelling,1.14275963369809,134.0,7.292955003137345,1016.0,"LINESTRING (36.8250024319 -1.21647834778, 36.82832 -1.216291, 36.830585 -1.21603, 36.8335264921 -1.21551811695, 36.834551096 -1.21536254883, 36.835190537894185 -1.2152858157969757)",,1107D111
at_stop,0.0,20.0,7.292955003137345,1016.0,POINT (36.83521 -1.215448),0101BKH,1107D111
travelling,1.704798342433019,193.0,8.997753345570363,1229.0,"LINESTRING (36.835190537894185 -1.2152858157969757, 36.8352216482 -1.21528208256, 36.8358063698 -1.21529281139, 36.8373835087 -1.21551811695, 36.8379360437 -1.21562004089, 36.8379360437 -1.21562004089, 36.8451780081 -1.21644616127, 36.846275 -1.216458, 36.847267 -1.21637, 36.848267 -1.216158, 36.8500328064 -1.21570587158, 36.8501830101 -1.21563076973, 36.85030772893653 -1.2155396290644669)",,1107D111
at_stop,0.0,20.0,8.997753345570363,1229.0,POINT (36.850327 -1.215566),0101WID,1107D111
travelling,1.614472764317281,184.0,10.612226109887644,1433.0,"LINESTRING (36.85030772893653 -1.2155396290644669, 36.850322485 -1.21552884579, 36.850445 -1.215382, 36.850613 -1.215296, 36.850758 -1.215342, 36.8509876728 -1.21544837952, 36.8529134989 -1.21529281139, 36.864683032 -1.21505141258, 36.86468324762362 -1.2150514026972512)",,1107D111
at_stop,0.0,20.0,10.612226109887644,1433.0,POINT (36.864683 -1.215046),0101DGG,1107D111
travelling,1.1902328226355285,137.0,11.802458932523173,1590.0,"LINESTRING (36.86468324762362 -1.2150514026972512, 36.8659704924 -1.21499240398, 36.86705 -1.214876, 36.868015 -1.214595, 36.869328618 -1.21393024921, 36.87447946547995 -1.211148898571415)",,1107D111
at_stop,0.0,20.0,11.802458932523173,1590.0,POINT (36.874486 -1.211161),0101JLI,1107D111
travelling,0.08676515176072044,19.0,11.889224084283894,1629.0,"LINESTRING (36.87447946547995 -1.211148898571415, 36.8744945526 -1.21114075184, 36.875169373369346 -1.2107834938074058)",,1107D111
at_stop,0.0,20.0,11.889224084283894,1629.0,POINT (36.8751812 -1.210805833),0101RUA,1107D111
travelling,0.878987996312612,105.0,12.768212080596506,1754.0,"LINESTRING (36.875169373369346 -1.2107834938074058, 36.8752241135 -1.21075451374, 36.88212820882311 -1.2070241614260415)",,1107D111
at_stop,0.0,20.0,12.768212080596506,1754.0,POINT (36.88213885 -1.207043856),0111RAU,1107D111
travelling,1.5882102573264825,183.0,14.356422337922988,1957.0,"LINESTRING (36.88212820882311 -1.2070241614260415, 36.8821442127 -1.20701551437, 36.89470930695204 -1.2002455744157288)",,1107D111
at_stop,0.0,20.0,14.356422337922988,1957.0,POINT (36.89471304 -1.200252503),0111NMO,1107D111
travelling,0.6343665166183865,79.0,14.990788854541375,2056.0,"LINESTRING (36.89470930695204 -1.2002455744157288, 36.8947291374 -1.20023488998, 36.8970680237 -1.19870066643, 36.89953823704975 -1.1971993729264894)",,1107D111
at_stop,0.0,20.0,14.990788854541375,2056.0,POINT (36.89955175 -1.197221607),0111CNT,1107D111
travelling,0.41151255187096947,54.0,15.402301406412345,2130.0,"LINESTRING (36.89953823704975 -1.1971993729264894, 36.8995571136 -1.19718790054, 36.90277829933584 -1.1954064087982061)",,1107D111
at_stop,0.0,20.0,15.402301406412345,2130.0,POINT (36.90279722 -1.19544062),01114IA,1107D111
travelling,0.3571615362718584,48.0,15.759462942684204,2198.0,"LINESTRING (36.90277829933584 -1.1954064087982061, 36.9028937817 -1.19534254074, 36.903553 -1.194895, 36.904045 -1.194468, 36.904503 -1.193981, 36.90505409401676 -1.1931820545004002)",,1107D111
at_stop,0.0,20.0,15.759462942684204,2198.0,POINT (36.90509319 -1.193209022),0111AWM,1107D111
travelling,0.5635875393601799,71.0,16.323050482044383,2289.0,"LINESTRING (36.90505409401676 -1.1931820545004002, 36.90509 -1.19313, 36.905411 -1.192574, 36.905861 -1.191478, 36.906059 -1.190759, 36.9063860178 -1.18835270405, 36.906389769056446 -1.1883231962853498)",,1107D111
at_stop,0.0,20.0,16.323050482044383,2289.0,POINT (36.90638065 -1.188322037),0111JM,1107D111
travelling,0.3009955669535364,42.0,16.62404604899792,2351.0,"LINESTRING (36.906389769056446 -1.1883231962853498, 36.906544 -1.18711, 36.906792 -1.186094, 36.906697154 -1.18596553802, 36.906677 -1.1858, 36.9066810608 -1.18567585945, 36.90668206180683 -1.1856744113170163)",,1107D111
at_stop,0.0,20.0,16.62404604899792,2351.0,POINT (36.906667 -1.185664),0101KHR,1107D111
travelling,1.4779283317266763,170.0,18.101974380724595,2541.0,"LINESTRING (36.90668206180683 -1.1856744113170163, 36.906757 -1.185566, 36.906891 -1.185514, 36.907059 -1.185265, 36.907238 -1.184769, 36.907768 -1.183703, 36.908825 -1.182092, 36.9114285707 -1.17892742157, 36.9122493267 -1.17775797844, 36.9143038988 -1.17481827736, 36.91430569872858 -1.1748156790195454)",,1107D111
at_stop,0.0,20.0,18.101974380724595,2541.0,POINT (36.9143039 -1.174814433),0111.UK,1107D111
travelling,0.5342038965549617,68.0,18.63617827727956,2629.0,"LINESTRING (36.91430569872858 -1.1748156790195454, 36.91705093263194 -1.1708527149473444)",,1107D111
at_stop,0.0,20.0,18.63617827727956,2629.0,POINT (36.91703171 -1.170839399),0111WNA,1107D111
travelling,0.6047717052139507,75.0,19.24094998249351,2724.0,"LINESTRING (36.91705093263194 -1.1708527149473444, 36.9170612097 -1.17083787918, 36.918643713 -1.16848826408, 36.919098 -1.167737, 36.919792328457284 -1.1661509883137702)",,1107D111
at_stop,0.0,20.0,19.24094998249351,2724.0,POINT (36.91985339 -1.16617772),0101M.K,1107D111
travelling,1.2378480918605912,144.0,20.478798074354103,2888.0,"LINESTRING (36.919792328457284 -1.1661509883137702, 36.9198024273 -1.16612792015, 36.9207841158 -1.16373538971, 36.921749711 -1.16143941879, 36.9225007296 -1.15996420383, 36.925117758160496 -1.1564022845215092)",,1107D111
at_stop,0.0,20.0,20.478798074354103,2888.0,POINT (36.92510515 -1.156393021),0111EYE,1107D111
travelling,0.17760859057155265,29.0,20.656406664925655,2937.0,"LINESTRING (36.925117758160496 -1.1564022845215092, 36.9251453876 -1.15636467934, 36.9259285927 -1.15548491478, 36.92612673481453 -1.1551636031360868)",,1107D111
at_stop,0.0,20.0,20.656406664925655,2937.0,POINT (36.926129 -1.155165),0101NRP,1107D111
travelling,0.6935275061039887,84.0,21.349934171029645,3041.0,"LINESTRING (36.92612673481453 -1.1551636031360868, 36.9261270761 -1.1551630497, 36.92609 -1.155051, 36.92609 -1.154922, 36.92036509468042 -1.1531648069864773)",,1107D111
at_stop,0.0,20.0,21.349934171029645,3041.0,POINT (36.92035228 -1.153206557),0111.OJ,1107D111
travelling,0.1288695999098328,24.0,21.47880377093948,3085.0,"LINESTRING (36.92036509468042 -1.1531648069864773, 36.9203388691 -1.15315675735, 36.9201725721 -1.15294754505, 36.9200599194 -1.1528134346, 36.919975 -1.152559, 36.919857 -1.15215)",,1107D111
at_stop,0.0,20.0,21.47880377093948,3085.0,POINT (36.91984 -1.152135),0101RJI,1107D111
travelling,1.0992217888177682,124.0,22.578025559757247,3229.0,"LINESTRING (36.919857 -1.15215, 36.9203817844 -1.15190684795, 36.9228923321 -1.15073204041, 36.923218 -1.15066, 36.92363 -1.150674, 36.925252676 -1.15104317665, 36.9268405437 -1.15146160126, 36.927972436 -1.15167081356, 36.929292738711 -1.151820483514122)",,1107D111
at_stop,0.0,20.0,22.578025559757247,3229.0,POINT (36.929292 -1.151827),0111RPS,1107D111
travelling,2.2224121049633543,250.0,24.8004376647206,3499.0,"LINESTRING (36.929292738711 -1.151820483514122, 36.9292974472 -1.15182101727, 36.9298660755 -1.15186393261, 36.9304454327 -1.1518317461, 36.932939887 -1.15145623684, 36.9354504347 -1.15115582943, 36.9415873289 -1.1508500576, 36.9460880756 -1.14945530891, 36.9463777542 -1.14940702915, 36.9466513395 -1.14941239357, 36.9489634037 -1.1497181654, 36.94897310762643 -1.1497195726158622)",,1107D111
at_stop,0.0,20.0,24.8004376647206,3499.0,POINT (36.94896609 -1.149767965),0111AYS,1107D111
travelling,1.2876420733877654,138.0,26.088079738108366,3657.0,"LINESTRING (36.94897310762643 -1.1497195726158622, 36.9507390261 -1.14997565746, 36.9513291121 -1.14995956421, 36.959267 -1.148341, 36.959267 -1.148341, 36.959194 -1.147874, 36.959194 -1.147874, 36.959499 -1.147791, 36.959499 -1.147791, 36.9594615698 -1.14763140678, 36.9593167305 -1.14765822887)",,1107D111
at_terminal,0.0,20.0,26.088079738108366,3657.0,POINT (36.95931673 -1.147668958),0213MRY,1107D111
at_terminal,0.0,20.0,0.0,0.0,POINT (36.95931673 -1.147668958),0213MRY,1107D110
travelling,1.6312540476045092,139.0,1.6312540476045092,159.0,"LINESTRING (36.95934589759823 -1.1475474263558056, 36.9594722986 -1.1475777626, 36.9595366716 -1.14784598351, 36.9591718912 -1.14794790745, 36.9592899084 -1.14837706089, 36.960327 -1.148151, 36.960327 -1.148151, 36.960423 -1.148097, 36.960537 -1.148134, 36.96059 -1.148229, 36.960567 -1.148336, 36.960464 -1.148395, 36.960365 -1.148371, 36.958633 -1.148734, 36.957706 -1.148662, 36.9512915611 -1.14993810654, 36.950712204 -1.1499273777, 36.9492208958 -1.14972352982, 36.94884179839242 -1.1496801391521747)",,1107D110
at_stop,0.0,20.0,1.6312540476045092,159.0,POINT (36.94882929 -1.149789423),0100OOA,1107D110
travelling,0.1593330121720097,27.0,1.790587059776519,206.0,"LINESTRING (36.94884179839242 -1.1496801391521747, 36.947439909 -1.14951968193, 36.94741938564766 -1.1495171678040037)",,1107D110
at_stop,0.0,20.0,1.790587059776519,206.0,POINT (36.94740772 -1.149612397),0100AWA,1107D110
travelling,0.2164458810252891,32.0,2.007032940801808,258.0,"LINESTRING (36.94741938564766 -1.1495171678040037, 36.946667 -1.149425, 36.946251 -1.14943, 36.9455516338 -1.14962697029, 36.94550933376681 -1.1496410703013502)",,1107D110
at_stop,0.0,20.0,2.007032940801808,258.0,POINT (36.94552481 -1.149687499),0100TPS,1107D110
travelling,0.34283783798650436,47.0,2.3498707787883126,325.0,"LINESTRING (36.94550933376681 -1.1496410703013502, 36.9425904751 -1.15061402321, 36.942585019201964 -1.1506154026465047)",,1107D110
at_stop,0.0,20.0,2.3498707787883126,325.0,POINT (36.94259048 -1.150637001),0100OTN,1107D110
travelling,0.573930740325588,72.0,2.9238015191139004,417.0,"LINESTRING (36.942585019201964 -1.1506154026465047, 36.941582 -1.150869, 36.93746220245863 -1.1510209236039364)",,1107D110
at_stop,0.0,20.0,2.9238015191139004,417.0,POINT (36.93746209 -1.151017874),0110LHL,1107D110
travelling,0.7030503672915039,86.0,3.6268518864054045,523.0,"LINESTRING (36.93746220245863 -1.1510209236039364, 36.9374406338 -1.15102171898, 36.9353699684 -1.15110754967, 36.9315290451 -1.1516225338, 36.93118471768993 -1.1516734343747543)",,1107D110
at_stop,0.0,20.0,3.6268518864054045,523.0,POINT (36.93119645 -1.1517528),0110AOH,1107D110
travelling,0.18587358863125275,30.0,3.812725475036657,573.0,"LINESTRING (36.93118471768993 -1.1516734343747543, 36.930295229 -1.15180492401, 36.92952436945461 -1.1518215016322229)",,1107D110
at_stop,0.0,20.0,3.812725475036657,573.0,POINT (36.92952543 -1.151870817),0110ISR,1107D110
travelling,1.1144907962493034,126.0,4.92721627128596,719.0,"LINESTRING (36.92952436945461 -1.1518215016322229, 36.9292974472 -1.15182638168, 36.9278597832 -1.15167617798, 36.926625967 -1.15140795708, 36.92363 -1.150674, 36.923218 -1.15066, 36.922935 -1.150721, 36.919943906370904 -1.1521096526302725)",,1107D110
at_stop,0.0,20.0,4.92721627128596,719.0,POINT (36.9199419 -1.152105331),0100RJI,1107D110
travelling,0.11129198178966421,21.0,5.038508253075625,760.0,"LINESTRING (36.919943906370904 -1.1521096526302725, 36.919857 -1.15215, 36.919857 -1.15215, 36.919975 -1.152559, 36.920116 -1.152823, 36.9202208519 -1.15294754505, 36.92023888968873 -1.152958652023101)",,1107D110
at_stop,0.0,20.0,5.038508253075625,760.0,POINT (36.92023158 -1.152970523),0100JO.,1107D110
travelling,0.8163456283894833,86.0,5.854853881465108,866.0,"LINESTRING (36.92023888968873 -1.152958652023101, 36.920574 -1.153165, 36.92609 -1.154922, 36.92609 -1.154922, 36.926189 -1.154798, 36.9263792038 -1.15478754044, 36.926487 -1.15488, 36.9265079498 -1.15505576134, 36.926357 -1.155197, 36.926163 -1.155159, 36.926109329685005 -1.1552274136671226)",,1107D110
at_stop,0.0,20.0,5.854853881465108,866.0,POINT (36.926119 -1.155235),0100NRP,1107D110
travelling,0.6997450021025803,86.0,6.554598883567689,972.0,"LINESTRING (36.926109329685005 -1.1552274136671226, 36.923309 -1.158797, 36.9227206707 -1.15960478783, 36.922527 -1.159979, 36.9223988056 -1.16023778915, 36.922367719170104 -1.1602973714799973)",,1107D110
at_stop,0.0,20.0,6.554598883567689,972.0,POINT (36.92236662 -1.160296798),0100AEL,1107D110
travelling,0.9029839880424613,108.0,7.45758287161015,1100.0,"LINESTRING (36.922367719170104 -1.1602973714799973, 36.9217550755 -1.1614716053, 36.9207036495 -1.16389095783, 36.9196522236 -1.16637468338, 36.9193571806 -1.16707742214, 36.91904503649075 -1.1677436401805574)",,1107D110
at_stop,0.0,20.0,7.45758287161015,1100.0,POINT (36.91900849 -1.167726517),0100..M,1107D110
travelling,0.5188752639663003,66.0,7.976458135576451,1186.0,"LINESTRING (36.91904503649075 -1.1677436401805574, 36.9189977646 -1.16784453392, 36.9186061621 -1.16853654385, 36.9176888466 -1.16999566555, 36.9165247679 -1.17168009281, 36.916521345223714 -1.1716850318063594)",,1107D110
at_stop,0.0,20.0,7.976458135576451,1186.0,POINT (36.91650867 -1.171676248),0100ANJ,1107D110
travelling,0.8893866948658755,107.0,8.865844830442326,1313.0,"LINESTRING (36.916521345223714 -1.1716850318063594, 36.9123351574 -1.17772579193, 36.9119650126 -1.17827832699, 36.911957913315405 -1.1782877471941624)",,1107D110
at_stop,0.0,20.0,8.865844830442326,1313.0,POINT (36.91195965 -1.178289056),0100A.P,1107D110
travelling,0.8235873489990645,99.0,9.68943217944139,1432.0,"LINESTRING (36.911957913315405 -1.1782877471941624, 36.9114071131 -1.17901861668, 36.9102537632 -1.18044018745, 36.908825 -1.182092, 36.9082581997 -1.18287563324, 36.907768 -1.183703, 36.9074910879 -1.18418455124, 36.90748456517026 -1.184199613996099)",,1107D110
at_stop,0.0,20.0,9.68943217944139,1432.0,POINT (36.90751523 -1.184212893),0100ACP,1107D110
travelling,0.2332005924130931,34.0,9.922632771854483,1486.0,"LINESTRING (36.90748456517026 -1.184199613996099, 36.907238 -1.184769, 36.9070726633 -1.18526279926, 36.9070190191 -1.18553102016, 36.9070672989 -1.18571341038, 36.907094121 -1.18583142757, 36.907029748 -1.18597626686, 36.9069170952 -1.18603527546, 36.906821022113554 -1.186029624099495)",,1107D110
at_stop,0.0,20.0,9.922632771854483,1486.0,POINT (36.906817 -1.186098),0100KHR,1107D110
travelling,0.5245956476586556,65.0,10.447228419513138,1571.0,"LINESTRING (36.906821022113554 -1.186029624099495, 36.906734705 -1.18602454662, 36.906677 -1.18645, 36.906439662 -1.187505126, 36.906208992 -1.18958115578, 36.9061714411 -1.18991374969, 36.906080246 -1.19058966637, 36.9060685286843 -1.190628073123467)",,1107D110
at_stop,0.0,20.0,10.447228419513138,1571.0,POINT (36.90608829 -1.190634102),0100PSA,1107D110
travelling,0.41120643751598385,54.0,10.858434857029122,1645.0,"LINESTRING (36.9060685286843 -1.190628073123467, 36.9057905674 -1.19153916836, 36.9054794312 -1.19234383106, 36.9051629305 -1.19297146797, 36.9045943022 -1.19391560555, 36.90452798906294 -1.1939822919912255)",,1107D110
at_stop,0.0,20.0,10.858434857029122,1645.0,POINT (36.90453798 -1.193992227),0110WOJ,1107D110
travelling,0.2657843668640518,38.0,11.124219223893174,1703.0,"LINESTRING (36.90452798906294 -1.1939822919912255, 36.904045 -1.194468, 36.903553 -1.194895, 36.9031727314 -1.1951816082, 36.90269448435084 -1.195513024987193)",,1107D110
at_stop,0.0,20.0,11.124219223893174,1703.0,POINT (36.9026953 -1.195514202),010044G,1107D110
travelling,1.6140494682476885,186.0,12.738268692140863,1909.0,"LINESTRING (36.90269448435084 -1.195513024987193, 36.9025611877 -1.19560539722, 36.898308 -1.197921, 36.8942570686 -1.20044946671, 36.8901157379 -1.20275616646, 36.89011110572867 -1.2027586604572764)",,1107D110
at_stop,0.0,20.0,12.738268692140863,1909.0,POINT (36.89014524 -1.202822059),0100ONO,1107D110
travelling,1.9826670352228641,226.0,14.720935727363727,2155.0,"LINESTRING (36.89011110572867 -1.2027586604572764, 36.8747520447 -1.21102809906, 36.87440305411709 -1.211216634191748)",,1107D110
at_stop,0.0,20.0,14.720935727363727,2155.0,POINT (36.87443823 -1.211281747),0100RUI,1107D110
travelling,0.8213250685055276,99.0,15.542260795869256,2274.0,"LINESTRING (36.87440305411709 -1.211216634191748, 36.8742853403 -1.21128022671, 36.8718338013 -1.21257841587, 36.8692052364 -1.2140160799, 36.86786545956081 -1.214659385464915)",,1107D110
at_stop,0.0,20.0,15.542260795869256,2274.0,POINT (36.86785609 -1.214639872),0110SRT,1107D110
travelling,0.3907542151771014,52.0,15.933015011046358,2346.0,"LINESTRING (36.86786545956081 -1.214659385464915, 36.8678534031 -1.21466517448, 36.86705 -1.214876, 36.8659436703 -1.21498703957, 36.8643987179 -1.21504604816, 36.86438923017929 -1.2150462695401538)",,1107D110
at_stop,0.0,20.0,15.933015011046358,2346.0,POINT (36.86438799 -1.214993119),0110DAS,1107D110
travelling,0.5370462213137197,68.0,16.470061232360077,2434.0,"LINESTRING (36.86438923017929 -1.2150462695401538, 36.8595707417 -1.21515870094, 36.8595650790837 -1.2151587706969251)",,1107D110
at_stop,0.0,20.0,16.470061232360077,2434.0,POINT (36.85956538 -1.215183198),0100TOR,1107D110
travelling,1.1211764027746334,127.0,17.59123763513471,2581.0,"LINESTRING (36.8595650790837 -1.2151587706969251, 36.85289 -1.215241, 36.852123 -1.2153, 36.8508321047 -1.2154430151, 36.8508481979 -1.21554493904, 36.8508481979 -1.21566832066, 36.8507945538 -1.21574342251, 36.8506282568 -1.21576488018, 36.85051 -1.215714, 36.8504565954 -1.21555566788, 36.849924303215836 -1.2156990814514947)",,1107D110
at_stop,0.0,20.0,17.59123763513471,2581.0,POINT (36.84993625 -1.215743423),0110RID,1107D110
travelling,1.6684816387457717,190.0,19.25971927388048,2791.0,"LINESTRING (36.849924303215836 -1.2156990814514947, 36.847809 -1.216269, 36.847267 -1.21637, 36.846275 -1.216458, 36.845028 -1.216424, 36.8385261297 -1.215711236, 36.8375015259 -1.21568977833, 36.8357044458 -1.21575951576, 36.83506072 -1.21575951576)",,1107D110
at_stop,0.0,20.0,19.25971927388048,2791.0,POINT (36.83506072 -1.215780973),0100BKH,1107D110
travelling,1.0800807984233354,127.0,20.339800072303817,2938.0,"LINESTRING (36.83506072 -1.21575951576, 36.8347012997 -1.21575951576, 36.8328398466 -1.21581852436, 36.830585 -1.21603, 36.82832 -1.216291, 36.826107502 -1.21644079685, 36.82538842047724 -1.216493670487611)",,1107D110
at_stop,0.0,20.0,20.339800072303817,2938.0,POINT (36.82539135 -1.216533512),0110TOH,1107D110
travelling,0.40401876033527684,54.0,20.743818832639093,3012.0,"LINESTRING (36.82538842047724 -1.216493670487611, 36.8253779411 -1.21649444103, 36.823296 -1.216487, 36.8217730522 -1.2164247036, 36.821759592921616 -1.2164235444027818)",,1107D110
at_stop,0.0,20.0,20.743818832639093,3012.0,POINT (36.82175428 -1.216485232),0100KWH,1107D110
travelling,0.7636533447438733,93.0,21.507472177382965,3125.0,"LINESTRING (36.821759592921616 -1.2164235444027818, 36.818897 -1.216177, 36.816803 -1.215871, 36.814962486937134 -1.2155239048658926)",,1107D110
at_stop,0.0,20.0,21.507472177382965,3125.0,POINT (36.814957 -1.215553),0100RUD,1107D110
travelling,1.2042042281452103,141.0,22.711676405528177,3286.0,"LINESTRING (36.814962486937134 -1.2155239048658926, 36.8149602413 -1.21552348137, 36.81282 -1.215015, 36.8102 -1.21426, 36.807961 -1.21343, 36.8063181639 -1.21276080608, 36.804738094537235 -1.2120393521404615)",,1107D110
at_stop,0.0,20.0,22.711676405528177,3286.0,POINT (36.8047142 -1.212091684),0110SOI,1107D110
travelling,0.6036526070709888,75.0,23.315329012599165,3381.0,"LINESTRING (36.804738094537235 -1.2120393521404615, 36.804676 -1.212011, 36.803097 -1.211201, 36.79992783678126 -1.2095174894824272)",,1107D110
at_stop,0.0,20.0,23.315329012599165,3381.0,POINT (36.79986477 -1.209636211),0100MOU,1107D110
travelling,0.32587819046134536,45.0,23.64120720306051,3446.0,"LINESTRING (36.79992783678126 -1.2095174894824272, 36.7999237776 -1.20951533318, 36.79734566842418 -1.208127938370615)",,1107D110
at_stop,0.0,20.0,23.64120720306051,3446.0,POINT (36.79728448 -1.208241641),0110WRS,1107D110
travelling,0.7744776599331084,93.0,24.41568486299362,3559.0,"LINESTRING (36.79734566842418 -1.208127938370615, 36.7973220348 -1.20811522007, 36.796944 -1.207921, 36.79649 -1.207609, 36.7953640223 -1.20729982853, 36.7942160368 -1.20704233646, 36.7929768562 -1.20681166649, 36.7917752266 -1.20653808117, 36.7912387848 -1.20636105537, 36.7907130718 -1.20617330074)",,1107D110
at_stop,0.0,20.0,24.41568486299362,3559.0,POINT (36.79068089 -1.206232309),0100AAA,1107D110
travelling,0.5616070587059693,70.0,24.97729192169959,3649.0,"LINESTRING (36.7907130718 -1.20617330074, 36.7894846201 -1.20550274849, 36.7884814739 -1.20503604412, 36.7879933119 -1.20484292507, 36.7874729633 -1.20469272137, 36.7865180969 -1.20448350906, 36.786020277327964 -1.2044320104893755)",,1107D110
at_stop,0.0,20.0,24.97729192169959,3649.0,POINT (36.78601384 -1.204494238),0100AMY,1107D110
travelling,0.39016861054964075,52.0,25.36746053224923,3721.0,"LINESTRING (36.786020277327964 -1.2044320104893755, 36.7858958244 -1.20441913605, 36.785466671 -1.20442450047, 36.7847371101 -1.20440840721, 36.7837607861 -1.20449960232, 36.782548073393016 -1.2047655480682007)",,1107D110
at_stop,0.0,20.0,25.36746053224923,3721.0,POINT (36.78255916 -1.204816103),0100ASW,1107D110
travelling,0.6190327350699022,32.0,25.98649326731913,3773.0,"LINESTRING (36.782548073393016 -1.2047655480682007, 36.7825376987 -1.20476782322, 36.7810463905 -1.20517015457, 36.7801988125 -1.20533108711, 36.7800539732 -1.20542764664, 36.7799735069 -1.20558857918, 36.7800056934 -1.20581388474, 36.780102253 -1.20599091053, 36.7802900076 -1.20611965656, 36.7823445797 -1.20665073395, 36.78236154940913 -1.2066523464562962)",,1107D110
at_stop,0.0,20.0,25.98649326731913,3773.0,POINT (36.78235799 -1.206689805),0110RTC,1107D110
travelling,0.3939554310696158,52.0,26.380448698388747,3845.0,"LINESTRING (36.78236154940913 -1.2066523464562962, 36.7835301161 -1.20676338673, 36.7844259739 -1.20681166649, 36.7849087715 -1.20686531067, 36.7853271961 -1.20696187019, 36.7858530801747 -1.2071366942148098)",,1107D110
at_terminal,0.0,20.0,26.380448698388747,3845.0,POINT (36.785845 -1.207161),0212RUS,1107D110
at_terminal,0.0,20.0,0.0,0.0,POINT (36.643534 -1.108043),0113LMD,10114110
travelling,6.337902298555968,559.0,6.337902298555968,579.0,"LINESTRING (36.643556371302246 -1.1080366901452459, 36.6436743736 -1.10845506191, 36.6436260939 -1.1085999012, 36.6435992718 -1.1087501049, 36.6436368227 -1.10882520676, 36.6435992718 -1.10903978348, 36.6435188055 -1.10965132713, 36.6434651613 -1.10974788666, 36.643536 -1.109804, 36.643536 -1.109804, 36.643738 -1.109996, 36.643837 -1.110281, 36.643633 -1.112006, 36.6434115171 -1.11320257187, 36.643429 -1.113731, 36.643417 -1.116267, 36.643177 -1.119195, 36.64323 -1.119484, 36.643482 -1.120137, 36.643482 -1.120137, 36.642715 -1.120545, 36.642406 -1.120931, 36.641724 -1.12312, 36.641678 -1.123724, 36.641747 -1.124311, 36.641953 -1.124935, 36.644306 -1.128666, 36.644451 -1.128932, 36.644642 -1.129539, 36.644665 -1.130244, 36.644627 -1.130507, 36.644386 -1.131264, 36.6435402632 -1.1332064867, 36.645279 -1.133949, 36.646748 -1.134566, 36.647903 -1.134831, 36.648556 -1.134881, 36.649223 -1.134848, 36.649967 -1.134698, 36.652081 -1.133964, 36.653091 -1.133773, 36.653835 -1.133771, 36.654621 -1.133853, 36.655697 -1.134119, 36.656055 -1.134271, 36.656918 -1.134838, 36.657776 -1.135479, 36.658466 -1.136313, 36.658794 -1.136879, 36.65963 -1.138691, 36.661781 -1.143689, 36.662754 -1.145138, 36.663502 -1.145878, 36.664322 -1.146538, 36.6656055 -1.1476855, 36.665714486033245 -1.1477829378442939)",,10114110
at_stop,0.0,20.0,6.337902298555968,579.0,POINT (36.665794 -1.147694),0110SPU,10114110
travelling,0.4381450799761964,57.0,6.776047378532165,656.0,"LINESTRING (36.665714486033245 -1.1477829378442939, 36.666889 -1.148833, 36.667225 -1.149206, 36.667767 -1.149981, 36.6681951284 -1.15074276924, 36.66821846867567 -1.1507922506245944)",,10114110
at_stop,0.0,20.0,6.776047378532165,656.0,POINT (36.668272 -1.150767),0110BUK,10114110
travelling,0.724822602275068,84.0,7.5008699808072326,760.0,"LINESTRING (36.66821846867567 -1.1507922506245944, 36.6687315702 -1.15188002586, 36.6691929102 -1.15265250206, 36.669743 -1.153305, 36.67067 -1.154006, 36.671597 -1.154463, 36.67293974291493 -1.1547784160455532)",,10114110
at_stop,0.0,20.0,7.5008699808072326,760.0,POINT (36.67294264 -1.154766083),0110OLB,10114110
travelling,0.18105874390836446,29.0,7.681928724715597,809.0,"LINESTRING (36.67293974291493 -1.1547784160455532, 36.672955 -1.154782, 36.673756 -1.154803, 36.674563837082275 -1.1547453095465774)",,10114110
at_stop,0.0,20.0,7.681928724715597,809.0,POINT (36.67456269 -1.154729247),0100BKK,10114110
travelling,3.3583211742503036,368.0,11.0402498989659,1197.0,"LINESTRING (36.674563837082275 -1.1547453095465774, 36.6745734215 -1.15474462509, 36.676243 -1.154651, 36.677151 -1.15473, 36.678364 -1.155029, 36.679485 -1.155571, 36.680775 -1.156508, 36.693298 -1.16615, 36.695141 -1.167519, 36.6967284679 -1.16837561131, 36.7001831532 -1.16951823235, 36.70018603344438 -1.1695193035153117)",,10114110
at_stop,0.0,20.0,11.0402498989659,1197.0,POINT (36.70019388 -1.169498205),0100EIO,10114110
travelling,0.15249402839763698,26.0,11.192743927363537,1243.0,"LINESTRING (36.70018603344438 -1.1695193035153117, 36.70147126848767 -1.1699972835107086)",,10114110
at_stop,0.0,20.0,11.192743927363537,1243.0,POINT (36.7014733 -1.169991821),0100LDL,10114110
travelling,0.7347567647600193,89.0,11.927500692123557,1352.0,"LINESTRING (36.70147126848767 -1.1699972835107086, 36.7014813423 -1.17000102997, 36.702591 -1.170246, 36.70388 -1.170357, 36.7079937458 -1.17064476013, 36.708029934665966 -1.1706552116165345)",,10114110
at_stop,0.0,20.0,11.927500692123557,1352.0,POINT (36.70802593 -1.170669078),0100OTS,10114110
travelling,0.6577407513523723,80.0,12.58524144347593,1452.0,"LINESTRING (36.708029934665966 -1.1706552116165345, 36.709435 -1.171061, 36.710175 -1.171392, 36.711212 -1.172109, 36.7123335 -1.173142, 36.71296040077362 -1.1737345012239766)",,10114110
at_stop,0.0,20.0,12.58524144347593,1452.0,POINT (36.71296388 -1.17373082),0100CAR,10114110
travelling,0.683580544404582,83.0,13.268821987880512,1555.0,"LINESTRING (36.71296040077362 -1.1737345012239766, 36.7129719257 -1.17374539375, 36.714104 -1.174683, 36.714985 -1.175241, 36.716423 -1.175906, 36.71838035207668 -1.1764726019169331)",,10114110
at_stop,0.0,20.0,13.268821987880512,1555.0,POINT (36.718384 -1.17646),0110FRM,10114110
travelling,0.48738001527571106,62.0,13.756202003156224,1637.0,"LINESTRING (36.71838035207668 -1.1764726019169331, 36.720413 -1.177061, 36.721081 -1.177324, 36.72243937256261 -1.178068702947468)",,10114110
at_stop,0.0,20.0,13.756202003156224,1637.0,POINT (36.7224589 -1.178033084),0100STI,10114110
travelling,0.21078918904494226,33.0,13.966991192201165,1690.0,"LINESTRING (36.72243937256261 -1.178068702947468, 36.7224401236 -1.17806911469, 36.724045155436464 -1.1790794953847998)",,10114110
at_stop,0.0,20.0,13.966991192201165,1690.0,POINT (36.72405213 -1.179068416),0100KMU,10114110
travelling,0.17939065473325685,29.0,14.146381846934423,1739.0,"LINESTRING (36.724045155436464 -1.1790794953847998, 36.7240762711 -1.17909908295, 36.725394295499726 -1.1799671793931066)",,10114110
at_stop,0.0,20.0,14.146381846934423,1739.0,POINT (36.725401 -1.179957),0100MCY,10114110
travelling,0.212232783381857,33.0,14.35861463031628,1792.0,"LINESTRING (36.725394295499726 -1.1799671793931066, 36.7254120111 -1.1799788475, 36.7263320089 -1.18055284023, 36.727006562387494 -1.1809919613907307)",,10114110
at_stop,0.0,20.0,14.35861463031628,1792.0,POINT (36.727015 -1.180979),0110KAU,10114110
travelling,0.07499257541201734,18.0,14.433607205728297,1830.0,"LINESTRING (36.727006562387494 -1.1809919613907307, 36.7270159721 -1.18099808693, 36.727561162922484 -1.1813771243580453)",,10114110
at_stop,0.0,20.0,14.433607205728297,1830.0,POINT (36.7275551 -1.181385845),0110ACG,10114110
travelling,0.13331303807501876,24.0,14.566920243803315,1874.0,"LINESTRING (36.727561162922484 -1.1813771243580453, 36.727579236 -1.18138968945, 36.72858408019317 -1.1820043547711798)",,10114110
at_stop,0.0,20.0,14.566920243803315,1874.0,POINT (36.72858506 -1.182002753),0100XAM,10114110
travelling,0.23024310897680503,35.0,14.79716335278012,1929.0,"LINESTRING (36.72858408019317 -1.1820043547711798, 36.7285877466 -1.18200659752, 36.730296742685134 -1.1831723015961588)",,10114110
at_stop,0.0,20.0,14.79716335278012,1929.0,POINT (36.73027486 -1.183204383),0100JOA,10114110
travelling,0.41867631901394287,55.0,15.215839671794061,2004.0,"LINESTRING (36.730296742685134 -1.1831723015961588, 36.7303258181 -1.1831921339, 36.732784 -1.1848, 36.7333620787 -1.18531107903, 36.73338142175808 -1.1853280399388455)",,10114110
at_stop,0.0,20.0,15.215839671794061,2004.0,POINT (36.73338085 -1.185328692),0100ARI,10114110
travelling,0.1564832916596124,27.0,15.372322963453673,2051.0,"LINESTRING (36.73338142175808 -1.1853280399388455, 36.734441565508476 -1.186257624156265)",,10114110
at_stop,0.0,20.0,15.372322963453673,2051.0,POINT (36.73443764 -1.186262101),0100IKW,10114110
travelling,0.10357732148758222,21.0,15.475900284941256,2092.0,"LINESTRING (36.734441565508476 -1.186257624156265, 36.7344510555 -1.18626594543, 36.735137701 -1.18684530258, 36.735154471304575 -1.1868597448732392)",,10114110
at_stop,0.0,20.0,15.475900284941256,2092.0,POINT (36.73514843 -1.18686676),0100ITS,10114110
travelling,0.302306570145431,42.0,15.778206855086687,2154.0,"LINESTRING (36.735154471304575 -1.1868597448732392, 36.73721836768031 -1.1886371363652224)",,10114110
at_stop,0.0,20.0,15.778206855086687,2154.0,POINT (36.73722178 -1.188633174),0100APC,10114110
travelling,0.2748256556729982,40.0,16.053032510759685,2214.0,"LINESTRING (36.73721836768031 -1.1886371363652224, 36.7372244596 -1.18864238262, 36.73908264627181 -1.1902669686069878)",,10114110
at_stop,0.0,20.0,16.053032510759685,2214.0,POINT (36.73913687 -1.190204948),0100ESN,10114110
travelling,0.5660544923638975,71.0,16.619087003123582,2305.0,"LINESTRING (36.73908264627181 -1.1902669686069878, 36.739102006 -1.19028389454, 36.740093 -1.190981, 36.740833 -1.191378, 36.741695 -1.191768, 36.7425781488 -1.19201123714, 36.7436939478 -1.19222581387, 36.74371001160242 -1.1922273810701596)",,10114110
at_stop,0.0,20.0,16.619087003123582,2305.0,POINT (36.7437 -1.19233),0100NDT,10114110
travelling,0.16972726408519095,28.0,16.78881426720877,2353.0,"LINESTRING (36.74371001160242 -1.1922273810701596, 36.74522791167092 -1.1923754688745074)",,10114110
at_stop,0.0,20.0,16.78881426720877,2353.0,POINT (36.74523085 -1.192345351),0100UMT,10114110
travelling,0.1823612530673733,29.0,16.971175520276145,2402.0,"LINESTRING (36.74522791167092 -1.1923754688745074, 36.7452335358 -1.19237601757, 36.746494 -1.192523, 36.7468482256 -1.19260668755, 36.74684835475136 -1.1926067191738432)",,10114110
at_stop,0.0,20.0,16.971175520276145,2402.0,POINT (36.74685 -1.1926),0110NSG,10114110
travelling,0.1430470355035698,25.0,17.114222555779715,2447.0,"LINESTRING (36.74684835475136 -1.1926067191738432, 36.74736 -1.192732, 36.7480605841 -1.19299829006, 36.74806971127802 -1.1930020121644407)",,10114110
at_stop,0.0,20.0,17.114222555779715,2447.0,POINT (36.74807936 -1.192978352),0110GAC,10114110
travelling,0.21127674336218213,33.0,17.325499299141896,2500.0,"LINESTRING (36.74806971127802 -1.1930020121644407, 36.748489 -1.193173, 36.749107 -1.193496, 36.7497181892 -1.19386196136, 36.74974943841388 -1.193884476210195)",,10114110
at_stop,0.0,20.0,17.325499299141896,2500.0,POINT (36.74975574 -1.19387573),0100HYD,10114110
travelling,0.4515889555342302,59.0,17.777088254676126,2579.0,"LINESTRING (36.74974943841388 -1.193884476210195, 36.75304881010046 -1.196261651506665)",,10114110
at_stop,0.0,20.0,17.777088254676126,2579.0,POINT (36.75305 -1.19626),0100CTC,10114110
travelling,0.318151018806909,44.0,18.095239273483035,2643.0,"LINESTRING (36.75304881010046 -1.196261651506665, 36.7530575946 -1.19626798068, 36.7553508282 -1.19789600372, 36.75538424034669 -1.1979208510020944)",,10114110
at_stop,0.0,20.0,18.095239273483035,2643.0,POINT (36.75537 -1.19794),0100ASD,10114110
travelling,0.13281179734496443,24.0,18.228051070828,2687.0,"LINESTRING (36.75538424034669 -1.1979208510020944, 36.75634401684912 -1.1986345985419524)",,10114110
at_stop,0.0,20.0,18.228051070828,2687.0,POINT (36.75634 -1.19864),0110AST,10114110
travelling,0.2303832125420031,35.0,18.45843428337,2742.0,"LINESTRING (36.75634401684912 -1.1986345985419524, 36.756397 -1.198674, 36.756916 -1.199015, 36.75816396650223 -1.1996180753983219)",,10114110
at_stop,0.0,20.0,18.45843428337,2742.0,POINT (36.75815105 -1.199644804),0100RYA,10114110
travelling,0.2863493377276195,41.0,18.744783621097618,2803.0,"LINESTRING (36.75816396650223 -1.1996180753983219, 36.758259 -1.199664, 36.760624707989784 -1.200369846834364)",,10114110
at_stop,0.0,20.0,18.744783621097618,2803.0,POINT (36.76059455 -1.200470924),0110COH,10114110
travelling,0.19107048974090904,30.0,18.935854110838527,2853.0,"LINESTRING (36.760624707989784 -1.200369846834364, 36.7606937885 -1.20039045811, 36.76226943305377 -1.2008652384057485)",,10114110
at_stop,0.0,20.0,18.935854110838527,2853.0,POINT (36.76228434 -1.200815767),0100EIL,10114110
travelling,0.5371261175226659,68.0,19.47298022836119,2941.0,"LINESTRING (36.76226943305377 -1.2008652384057485, 36.7623138428 -1.20087862015, 36.766908757017724 -1.202203665180459)",,10114110
at_stop,0.0,20.0,19.47298022836119,2941.0,POINT (36.76693 -1.20213),0100MFB,10114110
travelling,0.02845260871129387,13.0,19.501432837072485,2974.0,"LINESTRING (36.766908757017724 -1.202203665180459, 36.7669272423 -1.20220899582, 36.76715912973847 -1.202255373307694)",,10114110
at_stop,0.0,20.0,19.501432837072485,2974.0,POINT (36.76717132 -1.202194422),0100POA,10114110
travelling,0.24519635771766038,36.0,19.746629194790145,3030.0,"LINESTRING (36.76715912973847 -1.202255373307694, 36.7671954632 -1.20226264, 36.76927881981183 -1.202859380324038)",,10114110
at_stop,0.0,20.0,19.746629194790145,3030.0,POINT (36.7692849 -1.202838153),0100AL2,10114110
travelling,0.08114412569307476,18.0,19.82777332048322,3068.0,"LINESTRING (36.76927881981183 -1.202859380324038, 36.7693305016 -1.20287418365, 36.7699742317 -1.20305120945, 36.76998195099219 -1.2030534405533921)",,10114110
at_stop,0.0,20.0,19.82777332048322,3068.0,POINT (36.76999301 -1.203015178),0110LCM,10114110
travelling,0.29814539645744814,42.0,20.12591871694067,3130.0,"LINESTRING (36.76998195099219 -1.2030534405533921, 36.7725169659 -1.20378613472, 36.77255688258626 -1.2037972226886084)",,10114110
at_stop,0.0,20.0,20.12591871694067,3130.0,POINT (36.77257 -1.20375),0110PMT,10114110
travelling,0.09570819969971212,20.0,20.221626916640382,3170.0,"LINESTRING (36.77255688258626 -1.2037972226886084, 36.7733858429289 -1.2040274894546936)",,10114110
at_stop,0.0,20.0,20.221626916640382,3170.0,POINT (36.77340478 -1.203959316),0100GAO,10114110
travelling,0.18061326650863535,29.0,20.40224018314902,3219.0,"LINESTRING (36.7733858429289 -1.2040274894546936, 36.7733860016 -1.20402753353, 36.7749202251 -1.20446205139, 36.774948221327634 -1.204469121144214)",,10114110
at_stop,0.0,20.0,20.40224018314902,3219.0,POINT (36.77496046 -1.204420656),0100ILL,10114110
travelling,0.06526948546321892,17.0,20.467509668612237,3256.0,"LINESTRING (36.774948221327634 -1.204469121144214, 36.7754513025 -1.20459616184, 36.7755170463109 -1.2046127638118869)",,10114110
at_stop,0.0,20.0,20.467509668612237,3256.0,POINT (36.77553982 -1.20452258),0100NCE,10114110
travelling,0.12029103635539326,23.0,20.58780070496763,3299.0,"LINESTRING (36.7755170463109 -1.2046127638118869, 36.7759823799 -1.20473027229, 36.77656462125528 -1.2048805281343502)",,10114110
at_stop,0.0,20.0,20.58780070496763,3299.0,POINT (36.77656978 -1.204860538),0110LJA,10114110
travelling,0.13365440453846433,24.0,20.721455109506095,3343.0,"LINESTRING (36.77656462125528 -1.2048805281343502, 36.7766475677 -1.20490193367, 36.777677536 -1.20517015457, 36.77772684887807 -1.2051847059118848)",,10114110
at_stop,0.0,20.0,20.721455109506095,3343.0,POINT (36.77773386 -1.205160946),0110TUQ,10114110
travelling,0.2850267958494824,39.0,21.006481905355578,3402.0,"LINESTRING (36.77772684887807 -1.2051847059118848, 36.7780047655 -1.2052667141, 36.7788362503 -1.20533108711, 36.7795175314 -1.20534718037, 36.7797642946 -1.20539546013, 36.7799198627 -1.20548665524, 36.7799896002 -1.20561003685, 36.7800164223 -1.2057441473, 36.780040397645486 -1.2057855592581725)",,10114110
at_stop,0.0,20.0,21.006481905355578,3402.0,POINT (36.78005 -1.20578),0100SLG,10114110
travelling,0.07833261939087038,17.0,21.08481452474645,3439.0,"LINESTRING (36.780040397645486 -1.2057855592581725, 36.7800754309 -1.20584607124, 36.7801344395 -1.20598554611, 36.7802900076 -1.20606601238, 36.78058775205612 -1.2061481487952184)",,10114110
at_stop,0.0,20.0,21.08481452474645,3439.0,POINT (36.78059 -1.20614),0100RCN,10114110
travelling,0.14402563534820506,25.0,21.228840160094652,3484.0,"LINESTRING (36.78058775205612 -1.2061481487952184, 36.7806011438 -1.20615184307, 36.781204 -1.206326, 36.7818188667 -1.20650053024, 36.78183291656622 -1.2065022864731416)",,10114110
at_stop,0.0,20.0,21.228840160094652,3484.0,POINT (36.78183764 -1.206464499),0100UBP,10114110
travelling,0.02518206383982149,12.0,21.254022223934474,3516.0,"LINESTRING (36.78183291656622 -1.2065022864731416, 36.78205745576633 -1.2065303538709746)",,10114110
at_stop,0.0,20.0,21.254022223934474,3516.0,POINT (36.78206 -1.20651),0100RRD,10114110
travelling,0.15505776461569146,26.0,21.409079988550165,3562.0,"LINESTRING (36.78205745576633 -1.2065303538709746, 36.7820763588 -1.20653271675, 36.7832136154 -1.20667219162, 36.78344135191248 -1.2066909564269863)",,10114110
at_stop,0.0,20.0,21.409079988550165,3562.0,POINT (36.78343892 -1.206720471),0100KTC,10114110
travelling,0.13376092237800064,24.0,21.542840910928167,3606.0,"LINESTRING (36.78344135191248 -1.2066909564269863, 36.78463920438396 -1.2067896558853237)",,10114110
at_stop,0.0,20.0,21.542840910928167,3606.0,POINT (36.78464 -1.20678),0100CBR,10114110
travelling,0.16125370231646152,27.0,21.704094613244628,3653.0,"LINESTRING (36.78463920438396 -1.2067896558853237, 36.784645915 -1.20679020882, 36.785751 -1.207093, 36.78601481837117 -1.2072299796494148)",,10114110
at_stop,0.0,20.0,21.704094613244628,3653.0,POINT (36.78602 -1.20722),0100RBJ,10114110
travelling,0.2748142114658295,39.0,21.97890882471046,3712.0,"LINESTRING (36.78601481837117 -1.2072299796494148, 36.7860460281 -1.20724618435, 36.786411 -1.207459, 36.7879074812 -1.20878577232, 36.787920274030775 -1.2087986182335748)",,10114110
at_stop,0.0,20.0,21.97890882471046,3712.0,POINT (36.78792626 -1.208792657),0100UEA,10114110
travelling,0.34832847390406824,48.0,22.327237298614527,3780.0,"LINESTRING (36.787920274030775 -1.2087986182335748, 36.7892003059 -1.21008396149, 36.79015805844389 -1.2110006674635028)",,10114110
at_stop,0.0,20.0,22.327237298614527,3780.0,POINT (36.79020882 -1.210947633),0100MRC,10114110
travelling,0.32834400813789594,45.0,22.655581306752424,3845.0,"LINESTRING (36.79015805844389 -1.2110006674635028, 36.790702343 -1.21152162552, 36.791645 -1.212335, 36.792431424890175 -1.2128847534207203)",,10114110
at_stop,0.0,20.0,22.655581306752424,3845.0,POINT (36.79242432 -1.212894917),0110REV,10114110
travelling,0.5484844531452806,69.0,23.204065759897706,3934.0,"LINESTRING (36.792431424890175 -1.2128847534207203, 36.7934435606 -1.21359229088, 36.7941177803 -1.21402614544, 36.794792 -1.21446, 36.7956275 -1.214876, 36.796463 -1.215292, 36.79668098327316 -1.2153694519322218)",,10114110
at_stop,0.0,20.0,23.204065759897706,3934.0,POINT (36.79668099 -1.215369433),0110LAR,10114110
travelling,0.31284405392748305,43.0,23.516909813825187,3997.0,"LINESTRING (36.79668098327316 -1.2153694519322218, 36.796736 -1.215389, 36.797009 -1.215486, 36.798088 -1.215749, 36.798557 -1.215959, 36.79928572318273 -1.21637870814464)",,10114110
at_stop,0.0,20.0,23.516909813825187,3997.0,POINT (36.79927468 -1.216397882),0100RRP,10114110
travelling,0.15232344248755414,26.0,23.66923325631274,4043.0,"LINESTRING (36.79928572318273 -1.21637870814464, 36.7993283272 -1.21640324593, 36.800335 -1.21703, 36.8004430187991 -1.2171129454266636)",,10114110
at_stop,0.0,20.0,23.66923325631274,4043.0,POINT (36.80043072 -1.217128962),0100S/R,10114110
travelling,0.23830366125157998,35.0,23.90753691756432,4098.0,"LINESTRING (36.8004430187991 -1.2171129454266636, 36.801132 -1.217642, 36.80151 -1.218146, 36.801726222 -1.21848464012, 36.80178445255803 -1.2187265206772777)",,10114110
at_stop,0.0,20.0,23.90753691756432,4098.0,POINT (36.80177 -1.21873),0100RES,10114110
travelling,0.24904064949738622,36.0,24.156577567061706,4154.0,"LINESTRING (36.80178445255803 -1.2187265206772777, 36.8017959595 -1.2187743187, 36.8018549681 -1.21900498867, 36.8018603325 -1.21923029423, 36.8018227816 -1.21966481209, 36.80141966366593 -1.2209033811190324)",,10114110
at_stop,0.0,20.0,24.156577567061706,4154.0,POINT (36.80144 -1.22091),0100RKH,10114110
travelling,1.1977622990263088,124.0,25.354339866088015,4298.0,"LINESTRING (36.80141966366593 -1.2209033811190324, 36.801411 -1.22093, 36.80138 -1.221487, 36.801491 -1.221945, 36.801796 -1.22253, 36.801968 -1.222715, 36.8023592234 -1.22301220894, 36.8028312922 -1.22328042984, 36.8035393953 -1.22362375259, 36.803871 -1.223889, 36.803993 -1.224019, 36.80431 -1.224511, 36.804993 -1.226454, 36.804985 -1.227185, 36.80476 -1.228001, 36.803989 -1.230043, 36.803983976244595 -1.2300579798245508)",,10114110
at_stop,0.0,20.0,25.354339866088015,4298.0,POINT (36.80399 -1.23006),0110VMT,10114110
travelling,0.4579555881039545,57.0,25.81229545419197,4375.0,"LINESTRING (36.803983976244595 -1.2300579798245508, 36.8033784628 -1.23186349869, 36.8031799793 -1.23219609261, 36.803062 -1.232625, 36.803158 -1.233347, 36.803406991591764 -1.233973244227584)",,10114110
at_stop,0.0,20.0,25.81229545419197,4375.0,POINT (36.80339 -1.23398),0100RRJ,10114110
travelling,0.870727821400231,103.0,26.6830232755922,4498.0,"LINESTRING (36.803406991591764 -1.233973244227584, 36.8034106493 -1.23398244381, 36.8035930395 -1.234395504, 36.803909 -1.234813, 36.804386 -1.235138, 36.808899 -1.23747, 36.8096548319 -1.23782336712, 36.80995211996248 -1.2380293314128594)",,10114110
at_stop,0.0,20.0,26.6830232755922,4498.0,POINT (36.80994987 -1.238032579),0110UNA,10114110
travelling,1.259751027880924,141.0,27.942774303473122,4659.0,"LINESTRING (36.80995211996248 -1.2380293314128594, 36.8104755878 -1.23839199543, 36.812176 -1.239704, 36.813126 -1.24054, 36.813461 -1.241199, 36.8136245012 -1.24183058739, 36.8137478828 -1.24244749546, 36.813988 -1.24374, 36.814182 -1.244025, 36.814724 -1.244626, 36.8150031567 -1.24515652657, 36.815786214494615 -1.2472446808147555)",,10114110
at_stop,0.0,20.0,27.942774303473122,4659.0,POINT (36.81577563 -1.24724865),0110AUK,10114110
travelling,0.9505970179569949,73.0,28.893371321430116,4752.0,"LINESTRING (36.815786214494615 -1.2472446808147555, 36.8157917261 -1.24725937843, 36.816116 -1.247946, 36.81649 -1.248356, 36.816704 -1.248486, 36.817013 -1.248585, 36.8175297976 -1.24865949154, 36.818714 -1.248972, 36.819607 -1.249119, 36.820629 -1.249408, 36.821072 -1.249597, 36.8211615086 -1.24967873096, 36.8213707209 -1.24987721443, 36.8214726448 -1.25002741814, 36.8214780092 -1.2501347065, 36.8214404583 -1.25021517277, 36.8213492632 -1.25025272369, 36.8212848902 -1.25024199486, 36.8212419748 -1.25020444393, 36.8209737539 -1.25032246113, 36.8201583624 -1.25047802925, 36.81984220439671 -1.2505388288629664)",,10114110
at_stop,0.0,20.0,28.893371321430116,4752.0,POINT (36.81984186 -1.250537038),0110MTS,10114110
travelling,1.4675133327254195,118.0,30.360884654155537,4890.0,"LINESTRING (36.81984220439671 -1.2505388288629664, 36.8196004629 -1.25058531761, 36.818192 -1.251198, 36.817673 -1.251528, 36.817616 -1.251741, 36.817646 -1.251861, 36.817806 -1.252044, 36.817993 -1.252084, 36.818527 -1.252087, 36.819378 -1.251991, 36.819695 -1.252051, 36.820084 -1.252279, 36.820538 -1.252678, 36.821648 -1.253378, 36.823166 -1.254466, 36.823956 -1.254867, 36.824978 -1.25514, 36.825523 -1.255465, 36.825718 -1.255609, 36.825859 -1.255802, 36.826275 -1.256655, 36.826313700247425 -1.2567224322493018)",,10114110
at_stop,0.0,20.0,30.360884654155537,4890.0,POINT (36.82633013 -1.256713003),0110AOA,10114110
travelling,0.14777972069898127,26.0,30.50866437485452,4936.0,"LINESTRING (36.826313700247425 -1.2567224322493018, 36.826935 -1.257805, 36.82697507333731 -1.2578812606466037)",,10114110
at_stop,0.0,20.0,30.50866437485452,4936.0,POINT (36.8269524 -1.257893175),0100VLU,10114110
travelling,0.18197117950020333,28.0,30.69063555435472,4984.0,"LINESTRING (36.82697507333731 -1.2578812606466037, 36.8270087242 -1.25794529915, 36.827095 -1.25824, 36.8271106482 -1.25849783421, 36.826697588 -1.25936686993, 36.8266794275894 -1.259407263084426)",,10114110
at_stop,0.0,20.0,30.69063555435472,4984.0,POINT (36.82673 -1.25943),0100TCP,10114110
travelling,0.46065844906011455,60.0,31.151294003414836,5064.0,"LINESTRING (36.8266794275894 -1.259407263084426, 36.825812459 -1.26133561134, 36.8255120516 -1.26209199429, 36.8249756098 -1.26318097115, 36.8249677443653 -1.2631986697817557)",,10114110
at_stop,0.0,20.0,31.151294003414836,5064.0,POINT (36.82506412 -1.2632415),0110OVL,10114110
travelling,0.4077228584268563,54.0,31.55901686184169,5138.0,"LINESTRING (36.8249677443653 -1.2631986697817557, 36.824097 -1.265158, 36.82324903793847 -1.2664409532856418)",,10114110
at_stop,0.0,20.0,31.55901686184169,5138.0,POINT (36.82319462 -1.266404986),0110AGK,10114110
travelling,0.89737135064222,83.0,32.45638821248391,5241.0,"LINESTRING (36.82324903793847 -1.2664409532856418, 36.8232160807 -1.26649081707, 36.82259 -1.267178, 36.8218 -1.26768, 36.821049 -1.268356, 36.820644 -1.26889, 36.820499 -1.269291, 36.820503 -1.270172, 36.8205606937 -1.27038002014, 36.8206840754 -1.27053558826, 36.8217623234 -1.27134561539, 36.8219876289 -1.27161920071, 36.822540164 -1.27248823643, 36.82255868324189 -1.2725154529911165)",,10114110
at_stop,0.0,20.0,32.45638821248391,5241.0,POINT (36.82257503 -1.27250433),0100LHH,10114110
travelling,0.19648230572220254,34.0,32.65287051820611,5295.0,"LINESTRING (36.82255868324189 -1.2725154529911165, 36.822968 -1.273117, 36.823505 -1.273841, 36.823463 -1.273979)",,10114110
at_terminal,0.0,20.0,32.65287051820611,5295.0,POINT (36.82365865 -1.274190277),0110IRT,10114110
