vehicle_id,charging_sequence,charging_need_kWh,remaining_need_kWh,min_capacity_kWh
1011F110_0,"[{'start_time': '00:00:00', 'end_time': '05:32:00', 'location': 'depot', 'power': 11, 'energy_charged_kWh': 60.86666666666667}, {'start_time': '21:28:00', 'end_time': '23:59:59', 'location': 'depot', 'power': 11, 'energy_charged_kWh': 27.86361111111111}]",140.00549471577474,51.27521693799697,140.00549471577486
1011F110_1,"[{'start_time': '00:00:00', 'end_time': '05:46:00', 'location': 'depot', 'power': 11, 'energy_charged_kWh': 63.43333333333333}, {'start_time': '21:14:00', 'end_time': '23:59:59', 'location': 'depot', 'power': 11, 'energy_charged_kWh': 30.430277777777775}]",140.49559690208508,46.63198579097397,140.49559690208525
1011F110_2,"[{'start_time': '00:00:00', 'end_time': '05:00:48', 'location': 'depot', 'power': 11, 'energy_charged_kWh': 55.149696943731925}, {'start_time': '21:22:00', 'end_time': '23:59:59', 'location': 'depot', 'power': 11, 'energy_charged_kWh': 28.96361111111111}]",84.11330805484303,0.0,84.1133080548431
1011F110_3,"[{'start_time': '00:00:00', 'end_time': '05:01:47', 'location': 'depot', 'power': 11, 'energy_charged_kWh': 55.32980996321089}, {'start_time': '21:22:00', 'end_time': '23:59:59', 'location': 'depot', 'power': 11, 'energy_charged_kWh': 28.96361111111111}]",84.293421074322,0.0,84.29342107432207
1011F110_4,"[{'start_time': '00:00:00', 'end_time': '05:12:06', 'location': 'depot', 'power': 11, 'energy_charged_kWh': 57.21965341804648}, {'start_time': '21:35:00', 'end_time': '23:59:59', 'location': 'depot', 'power': 11, 'energy_charged_kWh': 26.580277777777777}]",83.79993119582426,0.0,83.79993119582434
1011F110_5,"[{'start_time': '00:00:00', 'end_time': '05:10:51', 'location': 'depot', 'power': 11, 'energy_charged_kWh': 56.98980172697383}, {'start_time': '21:33:00', 'end_time': '23:59:59', 'location': 'depot', 'power': 11, 'energy_charged_kWh': 26.946944444444448}]",83.93674617141828,0.0,83.93674617141835
1011F110_6,"[{'start_time': '00:00:00', 'end_time': '04:50:00', 'location': 'depot', 'power': 11, 'energy_charged_kWh': 53.166666666666664}, {'start_time': '22:10:00', 'end_time': '23:59:59', 'location': 'depot', 'power': 11, 'energy_charged_kWh': 20.163611111111113}]",84.23027129112911,10.899993513351333,84.23027129112918
1107D110_0,"[{'start_time': '00:00:00', 'end_time': '05:39:00', 'location': 'depot', 'power': 11, 'energy_charged_kWh': 62.150000000000006}, {'start_time': '21:21:00', 'end_time': '23:59:59', 'location': 'depot', 'power': 11, 'energy_charged_kWh': 29.146944444444443}]",141.6455304121214,50.34858596767694,141.6455304121215
1107D110_1,"[{'start_time': '00:00:00', 'end_time': '05:43:00', 'location': 'depot', 'power': 11, 'energy_charged_kWh': 62.88333333333333}, {'start_time': '21:17:00', 'end_time': '23:59:59', 'location': 'depot', 'power': 11, 'energy_charged_kWh': 29.880277777777778}]",142.08977693338767,49.32616582227655,142.08977693338778
1107D110_2,"[{'start_time': '00:00:00', 'end_time': '05:34:00', 'location': 'depot', 'power': 11, 'energy_charged_kWh': 61.233333333333334}, {'start_time': '21:26:00', 'end_time': '23:59:59', 'location': 'depot', 'power': 11, 'energy_charged_kWh': 28.23027777777778}]",142.40490389120754,52.94129278009643,142.40490389120765
1107D110_3,"[{'start_time': '00:00:00', 'end_time': '05:12:00', 'location': 'depot', 'power': 11, 'energy_charged_kWh': 57.2}, {'start_time': '21:48:00', 'end_time': '23:59:59', 'location': 'depot', 'power': 11, 'energy_charged_kWh': 24.196944444444448}]",142.02187325851997,60.62492881407553,142.0218732585201
1107D110_4,"[{'start_time': '00:00:00', 'end_time': '05:20:36', 'location': 'depot', 'power': 11, 'energy_charged_kWh': 58.77814012762376}, {'start_time': '21:35:00', 'end_time': '23:59:59', 'location': 'depot', 'power': 11, 'energy_charged_kWh': 26.580277777777777}]",85.35841790540154,0.0,85.35841790540155
1107D110_5,"[{'start_time': '00:00:00', 'end_time': '04:47:11', 'location': 'depot', 'power': 11, 'energy_charged_kWh': 52.6511827474218}, {'start_time': '21:02:00', 'end_time': '23:59:59', 'location': 'depot', 'power': 11, 'energy_charged_kWh': 32.63027777777778}]",85.28146052519958,0.0,85.28146052519959
1107D110_6,"[{'start_time': '00:00:00', 'end_time': '05:12:29', 'location': 'depot', 'power': 11, 'energy_charged_kWh': 57.29128058801076}, {'start_time': '21:26:00', 'end_time': '23:59:59', 'location': 'depot', 'power': 11, 'energy_charged_kWh': 28.23027777777778}]",85.52155836578854,0.0,85.52155836578854
1107D110_7,"[{'start_time': '00:00:00', 'end_time': '05:10:00', 'location': 'depot', 'power': 11, 'energy_charged_kWh': 56.833333333333336}, {'start_time': '21:50:00', 'end_time': '23:59:59', 'location': 'depot', 'power': 11, 'energy_charged_kWh': 23.830277777777777}]",85.21006186498792,4.546450753876812,85.21006186498792
1107D110_8,"[{'start_time': '00:00:00', 'end_time': '05:15:56', 'location': 'depot', 'power': 11, 'energy_charged_kWh': 57.92194504886848}, {'start_time': '21:32:00', 'end_time': '23:59:59', 'location': 'depot', 'power': 11, 'energy_charged_kWh': 27.130277777777778}]",85.05222282664626,0.0,85.05222282664629
1107D110_9,"[{'start_time': '00:00:00', 'end_time': '05:15:54', 'location': 'depot', 'power': 11, 'energy_charged_kWh': 57.915562947747105}, {'start_time': '21:34:00', 'end_time': '23:59:59', 'location': 'depot', 'power': 11, 'energy_charged_kWh': 26.763611111111114}]",84.67917405885822,0.0,84.67917405885824
1107D110_10,"[{'start_time': '00:00:00', 'end_time': '04:51:52', 'location': 'depot', 'power': 11, 'energy_charged_kWh': 53.50943910679918}, {'start_time': '21:10:00', 'end_time': '23:59:59', 'location': 'depot', 'power': 11, 'energy_charged_kWh': 31.163611111111113}]",84.67305021791029,0.0,84.67305021791029
1107D110_11,"[{'start_time': '00:00:00', 'end_time': '04:41:36', 'location': 'depot', 'power': 11, 'energy_charged_kWh': 51.62858295893165}, {'start_time': '21:00:00', 'end_time': '23:59:59', 'location': 'depot', 'power': 11, 'energy_charged_kWh': 32.996944444444445}]",84.6255274033761,0.0,84.62552740337611
1107D110_12,"[{'start_time': '00:00:00', 'end_time': '04:42:58', 'location': 'depot', 'power': 11, 'energy_charged_kWh': 51.880226260260756}, {'start_time': '21:01:00', 'end_time': '23:59:59', 'location': 'depot', 'power': 11, 'energy_charged_kWh': 32.813611111111115}]",84.69383737137187,0.0,84.69383737137187
10114111_0,"[{'start_time': '00:00:00', 'end_time': '05:17:00', 'location': 'depot', 'power': 11, 'energy_charged_kWh': 58.11666666666667}, {'start_time': '21:43:00', 'end_time': '23:59:59', 'location': 'depot', 'power': 11, 'energy_charged_kWh': 25.11361111111111}]",115.48078582857123,32.25050805079346,115.48078582857117
10114111_1,"[{'start_time': '00:00:00', 'end_time': '05:26:00', 'location': 'depot', 'power': 11, 'energy_charged_kWh': 59.766666666666666}, {'start_time': '21:34:00', 'end_time': '23:59:59', 'location': 'depot', 'power': 11, 'energy_charged_kWh': 26.763611111111114}]",116.25165205017228,29.7213742723945,116.25165205017225
10114111_2,"[{'start_time': '00:00:00', 'end_time': '05:50:00', 'location': 'depot', 'power': 11, 'energy_charged_kWh': 64.16666666666666}, {'start_time': '21:10:00', 'end_time': '23:59:59', 'location': 'depot', 'power': 11, 'energy_charged_kWh': 31.163611111111113}]",117.50237811068442,22.172100332906652,117.5023781106844
10114111_3,"[{'start_time': '00:00:00', 'end_time': '05:53:00', 'location': 'depot', 'power': 11, 'energy_charged_kWh': 64.71666666666667}, {'start_time': '21:07:00', 'end_time': '23:59:59', 'location': 'depot', 'power': 11, 'energy_charged_kWh': 31.71361111111111}]",117.71567129207737,21.2853935142996,117.71567129207737
10114111_4,"[{'start_time': '00:00:00', 'end_time': '05:29:00', 'location': 'depot', 'power': 11, 'energy_charged_kWh': 60.31666666666667}, {'start_time': '21:31:00', 'end_time': '23:59:59', 'location': 'depot', 'power': 11, 'energy_charged_kWh': 27.31361111111111}]",118.06994575528014,30.439667977502367,118.06994575528013
10114111_5,"[{'start_time': '00:00:00', 'end_time': '05:09:00', 'location': 'depot', 'power': 11, 'energy_charged_kWh': 56.650000000000006}, {'start_time': '21:51:00', 'end_time': '23:59:59', 'location': 'depot', 'power': 11, 'energy_charged_kWh': 23.646944444444443}]",118.13280417820408,37.835859733759634,118.13280417820408
10114111_6,"[{'start_time': '00:00:00', 'end_time': '03:44:24', 'location': 'depot', 'power': 11, 'energy_charged_kWh': 41.1416167739785}, {'start_time': '21:21:00', 'end_time': '23:59:59', 'location': 'depot', 'power': 11, 'energy_charged_kWh': 29.146944444444443}]",70.28856121842294,0.0,70.28856121842294
10114111_7,"[{'start_time': '00:00:00', 'end_time': '03:44:31', 'location': 'depot', 'power': 11, 'energy_charged_kWh': 41.16409406177322}, {'start_time': '21:18:00', 'end_time': '23:59:59', 'location': 'depot', 'power': 11, 'energy_charged_kWh': 29.696944444444448}]",70.86103850621767,0.0,70.86103850621767
10114111_8,"[{'start_time': '00:00:00', 'end_time': '04:07:21', 'location': 'depot', 'power': 11, 'energy_charged_kWh': 45.34815626119162}, {'start_time': '21:36:00', 'end_time': '23:59:59', 'location': 'depot', 'power': 11, 'energy_charged_kWh': 26.396944444444443}]",71.74510070563606,0.0,71.74510070563606
10114111_9,"[{'start_time': '00:00:00', 'end_time': '04:29:36', 'location': 'depot', 'power': 11, 'energy_charged_kWh': 49.42826945273236}, {'start_time': '21:56:00', 'end_time': '23:59:59', 'location': 'depot', 'power': 11, 'energy_charged_kWh': 22.73027777777778}]",72.15854723051014,0.0,72.15854723051014
10114111_10,"[{'start_time': '00:00:00', 'end_time': '03:59:21', 'location': 'depot', 'power': 11, 'energy_charged_kWh': 43.88153203399045}, {'start_time': '21:24:00', 'end_time': '23:59:59', 'location': 'depot', 'power': 11, 'energy_charged_kWh': 28.596944444444446}]",72.4784764784349,0.0,72.47847647843491
10114111_11,"[{'start_time': '00:00:00', 'end_time': '04:29:37', 'location': 'depot', 'power': 11, 'energy_charged_kWh': 49.43159536712329}, {'start_time': '21:54:00', 'end_time': '23:59:59', 'location': 'depot', 'power': 11, 'energy_charged_kWh': 23.096944444444446}]",72.52853981156774,0.0,72.52853981156774
10114111_12,"[{'start_time': '00:00:00', 'end_time': '04:08:53', 'location': 'depot', 'power': 11, 'energy_charged_kWh': 45.63115737740149}, {'start_time': '21:34:00', 'end_time': '23:59:59', 'location': 'depot', 'power': 11, 'energy_charged_kWh': 26.763611111111114}]",72.39476848851261,0.0,72.3947684885126
10114111_13,"[{'start_time': '00:00:00', 'end_time': '03:58:18', 'location': 'depot', 'power': 11, 'energy_charged_kWh': 43.689162037346534}, {'start_time': '21:24:00', 'end_time': '23:59:59', 'location': 'depot', 'power': 11, 'energy_charged_kWh': 28.596944444444446}]",72.28610648179098,0.0,72.286106481791
10114111_14,"[{'start_time': '00:00:00', 'end_time': '03:59:47', 'location': 'depot', 'power': 11, 'energy_charged_kWh': 43.96079694544636}, {'start_time': '21:28:00', 'end_time': '23:59:59', 'location': 'depot', 'power': 11, 'energy_charged_kWh': 27.86361111111111}]",71.82440805655747,0.0,71.82440805655747
10114111_15,"[{'start_time': '00:00:00', 'end_time': '04:08:37', 'location': 'depot', 'power': 11, 'energy_charged_kWh': 45.58196359635548}, {'start_time': '21:37:00', 'end_time': '23:59:59', 'location': 'depot', 'power': 11, 'energy_charged_kWh': 26.21361111111111}]",71.79557470746659,0.0,71.79557470746659
10114111_16,"[{'start_time': '00:00:00', 'end_time': '03:37:35', 'location': 'depot', 'power': 11, 'energy_charged_kWh': 39.89168763960263}, {'start_time': '21:11:00', 'end_time': '23:59:59', 'location': 'depot', 'power': 11, 'energy_charged_kWh': 30.98027777777778}]",70.87196541738041,0.0,70.87196541738042
10114111_17,"[{'start_time': '00:00:00', 'end_time': '04:12:47', 'location': 'depot', 'power': 11, 'energy_charged_kWh': 46.34434168808797}, {'start_time': '21:48:00', 'end_time': '23:59:59', 'location': 'depot', 'power': 11, 'energy_charged_kWh': 24.196944444444448}]",70.54128613253242,0.0,70.54128613253242
10114111_18,"[{'start_time': '00:00:00', 'end_time': '03:25:06', 'location': 'depot', 'power': 11, 'energy_charged_kWh': 37.60334657390217}, {'start_time': '21:07:00', 'end_time': '23:59:59', 'location': 'depot', 'power': 11, 'energy_charged_kWh': 31.71361111111111}]",69.31695768501328,0.0,69.3169576850133
